gdenergy,gdpuls,nbumps,nbumps2,nbumps3,nbumps4,nbumps5,nbumps6,nbumps7,nbumps89,energy,maxenergy,class
-72,-72,0,0,0,0,0,0,0,0,0,0,0
-70,-79,1,0,1,0,0,0,0,0,2000,2000,0
-81,-78,0,0,0,0,0,0,0,0,0,0,0
-23,40,1,0,1,0,0,0,0,0,3000,3000,0
-63,-52,0,0,0,0,0,0,0,0,0,0,0
-73,-65,0,0,0,0,0,0,0,0,0,0,0
-6,18,2,2,0,0,0,0,0,0,1000,700,0
-27,-3,1,0,1,0,0,0,0,0,4000,4000,0
54,52,0,0,0,0,0,0,0,0,0,0,0
4,25,1,1,0,0,0,0,0,0,500,500,0
-39,-36,1,0,1,0,0,0,0,0,5000,5000,0
-19,-31,0,0,0,0,0,0,0,0,0,0,0
-30,-19,1,1,0,0,0,0,0,0,400,400,0
0,9,1,0,1,0,0,0,0,0,6000,6000,0
18,4,1,1,0,0,0,0,0,0,600,600,0
-3,5,2,0,2,0,0,0,0,0,7000,6000,0
-52,-41,0,0,0,0,0,0,0,0,0,0,0
-63,-58,0,0,0,0,0,0,0,0,0,0,0
-77,-67,0,0,0,0,0,0,0,0,0,0,0
-83,-77,0,0,0,0,0,0,0,0,0,0,0
-71,-79,0,0,0,0,0,0,0,0,0,0,0
-72,-47,1,0,1,0,0,0,0,0,4000,4000,0
-68,-43,0,0,0,0,0,0,0,0,0,0,0
49,52,0,0,0,0,0,0,0,0,0,0,0
1,7,2,0,2,0,0,0,0,0,6000,4000,0
-82,-57,1,0,1,0,0,0,0,0,4000,4000,0
-70,-58,0,0,0,0,0,0,0,0,0,0,0
-50,-28,2,1,1,0,0,0,0,0,1400,1000,0
-76,-61,1,0,1,0,0,0,0,0,6000,6000,0
-57,-55,1,1,0,0,0,0,0,0,600,600,0
46,40,3,0,3,0,0,0,0,0,6000,2000,0
11,23,1,0,1,0,0,0,0,0,6000,6000,0
-46,-52,1,0,1,0,0,0,0,0,2000,2000,0
86,60,3,3,0,0,0,0,0,0,1500,600,0
54,28,1,0,1,0,0,0,0,0,6000,6000,0
-54,-53,1,1,0,0,0,0,0,0,700,700,1
95,94,7,4,2,1,0,0,0,0,15700,10000,0
41,30,0,0,0,0,0,0,0,0,0,0,0
-45,-45,0,0,0,0,0,0,0,0,0,0,0
-53,-45,0,0,0,0,0,0,0,0,0,0,0
-65,-59,0,0,0,0,0,0,0,0,0,0,0
-80,-75,0,0,0,0,0,0,0,0,0,0,0
-51,-62,1,0,1,0,0,0,0,0,5000,5000,0
-59,-48,0,0,0,0,0,0,0,0,0,0,0
-64,-66,2,1,1,0,0,0,0,0,2700,2000,0
-8,-5,0,0,0,0,0,0,0,0,0,0,0
12,40,1,0,1,0,0,0,0,0,5000,5000,0
86,35,1,1,0,0,0,0,0,0,500,500,0
15,38,2,1,1,0,0,0,0,0,1800,1000,0
65,85,1,0,1,0,0,0,0,0,6000,6000,0
93,50,1,1,0,0,0,0,0,0,300,300,0
-9,0,1,1,0,0,0,0,0,0,400,400,0
51,34,1,0,1,0,0,0,0,0,7000,7000,0
24,-4,0,0,0,0,0,0,0,0,0,0,0
56,29,0,0,0,0,0,0,0,0,0,0,0
-57,-43,1,0,1,0,0,0,0,0,4000,4000,0
15,-18,0,0,0,0,0,0,0,0,0,0,0
-1,4,2,2,0,0,0,0,0,0,800,400,0
-21,0,1,0,1,0,0,0,0,0,4000,4000,0
37,32,3,3,0,0,0,0,0,0,1400,700,0
-10,13,0,0,0,0,0,0,0,0,0,0,0
-36,-23,0,0,0,0,0,0,0,0,0,0,0
-32,-30,0,0,0,0,0,0,0,0,0,0,0
6,-16,1,0,1,0,0,0,0,0,5000,5000,0
-57,-48,0,0,0,0,0,0,0,0,0,0,0
-2,-6,0,0,0,0,0,0,0,0,0,0,0
-33,-41,2,1,1,0,0,0,0,0,4300,4000,0
-11,46,1,1,0,0,0,0,0,0,900,900,0
-71,-59,1,0,1,0,0,0,0,0,5000,5000,0
-54,-61,0,0,0,0,0,0,0,0,0,0,0
23,-6,1,1,0,0,0,0,0,0,800,800,0
-38,-27,1,0,1,0,0,0,0,0,6000,6000,0
25,7,0,0,0,0,0,0,0,0,0,0,0
-36,-44,0,0,0,0,0,0,0,0,0,0,0
-52,-59,2,1,1,0,0,0,0,0,4300,4000,0
60,92,0,0,0,0,0,0,0,0,0,0,0
-44,-35,1,0,1,0,0,0,0,0,5000,5000,0
-57,-29,0,0,0,0,0,0,0,0,0,0,0
-16,9,2,2,0,0,0,0,0,0,600,300,0
-16,15,1,0,1,0,0,0,0,0,6000,6000,0
23,6,0,0,0,0,0,0,0,0,0,0,0
8,27,0,0,0,0,0,0,0,0,0,0,0
-32,-2,1,0,1,0,0,0,0,0,4000,4000,0
-53,-45,0,0,0,0,0,0,0,0,0,0,0
87,70,0,0,0,0,0,0,0,0,0,0,0
-31,-24,0,0,0,0,0,0,0,0,0,0,0
-54,-35,1,0,1,0,0,0,0,0,6000,6000,0
15,35,0,0,0,0,0,0,0,0,0,0,0
-35,-32,0,0,0,0,0,0,0,0,0,0,0
15,35,0,0,0,0,0,0,0,0,0,0,0
-35,-32,0,0,0,0,0,0,0,0,0,0,0
-18,6,1,0,1,0,0,0,0,0,5000,5000,0
91,29,0,0,0,0,0,0,0,0,0,0,0
1,-19,0,0,0,0,0,0,0,0,0,0,0
-55,-60,0,0,0,0,0,0,0,0,0,0,0
-54,-53,1,0,1,0,0,0,0,0,6000,6000,0
9,-2,0,0,0,0,0,0,0,0,0,0,0
-26,-5,1,0,1,0,0,0,0,0,5000,5000,0
1,-28,0,0,0,0,0,0,0,0,0,0,0
-35,-41,0,0,0,0,0,0,0,0,0,0,0
-54,-35,1,0,1,0,0,0,0,0,4000,4000,0
10,-14,2,2,0,0,0,0,0,0,800,500,0
-21,-43,0,0,0,0,0,0,0,0,0,0,0
-57,-70,0,0,0,0,0,0,0,0,0,0,0
-71,-76,0,0,0,0,0,0,0,0,0,0,0
-51,-51,1,0,1,0,0,0,0,0,4000,4000,0
-65,-64,0,0,0,0,0,0,0,0,0,0,0
-34,-56,0,0,0,0,0,0,0,0,0,0,0
15,34,0,0,0,0,0,0,0,0,0,0,0
100,89,1,0,1,0,0,0,0,0,5000,5000,0
2,0,0,0,0,0,0,0,0,0,0,0,0
-41,-16,0,0,0,0,0,0,0,0,0,0,0
61,61,1,0,1,0,0,0,0,0,3000,3000,0
51,0,1,1,0,0,0,0,0,0,200,200,0
-40,-46,0,0,0,0,0,0,0,0,0,0,0
28,9,1,0,1,0,0,0,0,0,3000,3000,0
-31,-35,0,0,0,0,0,0,0,0,0,0,0
50,67,1,0,1,0,0,0,0,0,3000,3000,0
37,37,0,0,0,0,0,0,0,0,0,0,0
-7,-12,1,0,1,0,0,0,0,0,4000,4000,0
-32,-34,1,0,1,0,0,0,0,0,4000,4000,0
-55,-65,0,0,0,0,0,0,0,0,0,0,0
98,-7,0,0,0,0,0,0,0,0,0,0,0
-14,-32,1,0,1,0,0,0,0,0,3000,3000,0
36,36,1,1,0,0,0,0,0,0,300,300,0
-31,23,0,0,0,0,0,0,0,0,0,0,0
-52,-50,1,0,1,0,0,0,0,0,4000,4000,0
-32,-14,1,0,1,0,0,0,0,0,2000,2000,0
-10,17,0,0,0,0,0,0,0,0,0,0,0
17,23,0,0,0,0,0,0,0,0,0,0,0
-34,4,1,0,1,0,0,0,0,0,4000,4000,0
94,39,1,0,1,0,0,0,0,0,3000,3000,0
2,11,0,0,0,0,0,0,0,0,0,0,0
-58,-49,1,0,1,0,0,0,0,0,4000,4000,0
83,78,0,0,0,0,0,0,0,0,0,0,0
-44,-32,0,0,0,0,0,0,0,0,0,0,0
-68,-57,1,0,1,0,0,0,0,0,3000,3000,0
-41,-37,0,0,0,0,0,0,0,0,0,0,0
-28,-4,1,0,1,0,0,0,0,0,2000,2000,0
-23,0,2,0,2,0,0,0,0,0,8000,5000,0
-37,-21,3,1,2,0,0,0,0,0,2700,1000,0
46,89,0,0,0,0,0,0,0,0,0,0,0
-69,-63,1,0,1,0,0,0,0,0,5000,5000,0
-26,-9,0,0,0,0,0,0,0,0,0,0,0
-65,-47,1,0,1,0,0,0,0,0,3000,3000,0
-10,-13,1,0,1,0,0,0,0,0,6000,6000,0
-30,-24,0,0,0,0,0,0,0,0,0,0,0
-41,-35,2,0,2,0,0,0,0,0,4000,3000,0
-70,-51,0,0,0,0,0,0,0,0,0,0,0
-26,-21,0,0,0,0,0,0,0,0,0,0,0
-31,-18,1,1,0,0,0,0,0,0,900,900,0
-35,-33,1,0,1,0,0,0,0,0,5000,5000,0
30,17,1,1,0,0,0,0,0,0,900,900,0
20,10,0,0,0,0,0,0,0,0,0,0,0
-61,-53,1,0,1,0,0,0,0,0,4000,4000,0
-1,-1,0,0,0,0,0,0,0,0,0,0,0
-70,-64,0,0,0,0,0,0,0,0,0,0,0
-82,-75,1,0,1,0,0,0,0,0,3000,3000,0
31,21,0,0,0,0,0,0,0,0,0,0,0
-13,-4,2,2,0,0,0,0,0,0,900,600,1
-73,-74,1,0,0,1,0,0,0,0,10000,10000,1
20,20,2,1,0,1,0,0,0,0,20600,20000,0
-16,-12,2,1,1,0,0,0,0,0,2400,2000,0
-33,-4,1,0,1,0,0,0,0,0,3000,3000,0
37,39,3,1,2,0,0,0,0,0,3900,2000,0
-25,-23,1,0,1,0,0,0,0,0,5000,5000,0
31,29,2,1,1,0,0,0,0,0,3700,3000,0
74,79,0,0,0,0,0,0,0,0,0,0,0
-17,30,2,0,2,0,0,0,0,0,5000,4000,0
-32,-28,1,0,1,0,0,0,0,0,7000,7000,0
-14,-6,0,0,0,0,0,0,0,0,0,0,0
-11,-14,3,0,3,0,0,0,0,0,8000,4000,0
-76,-58,0,0,0,0,0,0,0,0,0,0,0
-8,14,2,2,0,0,0,0,0,0,700,500,0
-17,6,1,1,0,0,0,0,0,0,800,800,0
4,6,3,1,2,0,0,0,0,0,9700,6000,1
5,-4,2,0,1,1,0,0,0,0,13000,10000,0
6,33,0,0,0,0,0,0,0,0,0,0,0
-81,-65,1,0,1,0,0,0,0,0,4000,4000,0
24,17,2,1,1,0,0,0,0,0,2600,2000,0
30,50,0,0,0,0,0,0,0,0,0,0,0
-42,-33,3,0,3,0,0,0,0,0,6000,3000,0
25,37,0,0,0,0,0,0,0,0,0,0,0
-40,-32,0,0,0,0,0,0,0,0,0,0,0
-75,-67,0,0,0,0,0,0,0,0,0,0,0
-75,-73,0,0,0,0,0,0,0,0,0,0,0
-57,-45,1,0,1,0,0,0,0,0,2000,2000,0
69,63,0,0,0,0,0,0,0,0,0,0,0
36,44,0,0,0,0,0,0,0,0,0,0,0
5,36,0,0,0,0,0,0,0,0,0,0,0
-26,-19,4,3,1,0,0,0,0,0,4200,3000,0
58,90,1,1,0,0,0,0,0,0,300,300,0
-12,5,2,2,0,0,0,0,0,0,1100,600,0
-58,-42,2,0,2,0,0,0,0,0,5000,3000,0
8,24,1,1,0,0,0,0,0,0,300,300,0
-32,-14,0,0,0,0,0,0,0,0,0,0,0
-2,-18,2,0,2,0,0,0,0,0,6000,4000,0
86,88,3,2,1,0,0,0,0,0,6200,5000,0
-24,-22,1,1,0,0,0,0,0,0,900,900,0
9,-17,2,0,2,0,0,0,0,0,6000,3000,0
91,63,1,1,0,0,0,0,0,0,300,300,0
11,0,0,0,0,0,0,0,0,0,0,0,0
33,-6,1,0,1,0,0,0,0,0,2000,2000,1
161,91,2,1,0,1,0,0,0,0,20600,20000,0
55,38,3,1,2,0,0,0,0,0,6500,4000,0
-14,-19,0,0,0,0,0,0,0,0,0,0,0
78,57,0,0,0,0,0,0,0,0,0,0,0
-11,14,1,0,1,0,0,0,0,0,3000,3000,0
-19,-12,0,0,0,0,0,0,0,0,0,0,0
-3,-12,3,2,1,0,0,0,0,0,5200,4000,0
23,1,0,0,0,0,0,0,0,0,0,0,0
-32,-32,1,0,1,0,0,0,0,0,3000,3000,0
55,46,1,1,0,0,0,0,0,0,800,800,0
-12,-5,1,1,0,0,0,0,0,0,600,600,0
-27,-27,2,1,1,0,0,0,0,0,5200,5000,0
62,51,3,1,2,0,0,0,0,0,8500,4000,0
-20,-20,2,0,2,0,0,0,0,0,11000,9000,0
-36,-34,2,0,2,0,0,0,0,0,5000,3000,0
32,18,0,0,0,0,0,0,0,0,0,0,1
21,36,1,0,0,1,0,0,0,0,50000,50000,0
32,66,1,0,1,0,0,0,0,0,3000,3000,0
-7,-12,0,0,0,0,0,0,0,0,0,0,0
81,66,0,0,0,0,0,0,0,0,0,0,0
35,57,4,2,2,0,0,0,0,0,5100,2000,0
-15,5,1,0,1,0,0,0,0,0,1000,1000,0
1,1,0,0,0,0,0,0,0,0,0,0,0
-33,-31,0,0,0,0,0,0,0,0,0,0,0
-39,-44,0,0,0,0,0,0,0,0,0,0,0
-34,-27,1,0,1,0,0,0,0,0,3000,3000,0
-17,16,0,0,0,0,0,0,0,0,0,0,0
27,26,2,0,2,0,0,0,0,0,4000,3000,0
15,-4,0,0,0,0,0,0,0,0,0,0,0
-37,-58,2,1,1,0,0,0,0,0,2300,2000,0
51,12,0,0,0,0,0,0,0,0,0,0,0
52,18,2,0,2,0,0,0,0,0,5000,3000,0
-61,-57,1,0,1,0,0,0,0,0,6000,6000,0
24,2,1,0,1,0,0,0,0,0,3000,3000,0
-33,-9,1,0,1,0,0,0,0,0,5000,5000,0
-3,0,1,0,1,0,0,0,0,0,3000,3000,1
17,9,2,1,0,1,0,0,0,0,40600,40000,0
1,-5,2,0,2,0,0,0,0,0,7000,5000,0
-54,-48,1,1,0,0,0,0,0,0,200,200,0
52,32,1,0,1,0,0,0,0,0,9000,9000,0
13,9,2,1,1,0,0,0,0,0,4200,4000,0
-7,-14,0,0,0,0,0,0,0,0,0,0,0
21,15,3,2,1,0,0,0,0,0,5700,5000,0
7,-2,1,0,1,0,0,0,0,0,3000,3000,0
-23,-30,2,1,1,0,0,0,0,0,1400,1000,0
-23,4,1,1,0,0,0,0,0,0,300,300,0
-46,-43,1,0,1,0,0,0,0,0,3000,3000,0
28,12,3,2,1,0,0,0,0,0,1900,1000,1
47,41,1,0,0,1,0,0,0,0,40000,40000,0
13,5,0,0,0,0,0,0,0,0,0,0,0
-14,34,5,3,2,0,0,0,0,0,7000,3000,1
0,90,4,2,1,1,0,0,0,0,25400,20000,0
-39,27,2,1,1,0,0,0,0,0,1700,1000,0
-54,-1,2,1,1,0,0,0,0,0,2200,2000,1
-29,44,3,0,2,1,0,0,0,0,49000,40000,0
-50,-2,1,0,1,0,0,0,0,0,4000,4000,1
-51,-14,3,0,2,1,0,0,0,0,25000,20000,0
3,33,0,0,0,0,0,0,0,0,0,0,0
-29,1,2,1,1,0,0,0,0,0,4800,4000,0
-45,-15,2,1,1,0,0,0,0,0,2300,2000,1
-42,13,2,0,1,1,0,0,0,0,34000,30000,0
-44,-5,1,0,1,0,0,0,0,0,4000,4000,0
-33,-2,3,0,3,0,0,0,0,0,14000,8000,0
-1,54,1,1,0,0,0,0,0,0,800,800,1
-29,-1,5,1,3,1,0,0,0,0,31500,20000,0
-23,-9,1,0,1,0,0,0,0,0,8000,8000,0
35,38,2,1,1,0,0,0,0,0,5600,5000,0
-68,-46,1,0,1,0,0,0,0,0,2000,2000,0
12,-14,4,1,3,0,0,0,0,0,5300,2000,0
45,28,2,2,0,0,0,0,0,0,900,700,0
-5,-11,2,2,0,0,0,0,0,0,900,700,1
-35,-22,3,0,2,1,0,0,0,0,70000,60000,1
-21,-2,6,3,2,1,0,0,0,0,18000,10000,0
-49,-41,0,0,0,0,0,0,0,0,0,0,0
15,-22,6,3,3,0,0,0,0,0,21300,8000,1
64,-6,4,1,2,1,0,0,0,0,14600,10000,0
55,19,4,0,4,0,0,0,0,0,19000,9000,1
0,-18,4,0,3,1,0,0,0,0,44000,30000,0
30,15,2,1,1,0,0,0,0,0,3200,3000,1
37,18,4,0,2,2,0,0,0,0,54000,30000,0
-30,-28,6,2,4,0,0,0,0,0,12700,4000,1
47,28,7,4,2,1,0,0,0,0,36500,30000,1
-16,-7,4,2,1,1,0,0,0,0,32700,30000,1
-34,-31,3,0,1,2,0,0,0,0,64000,30000,0
22,32,4,2,2,0,0,0,0,0,11000,6000,0
-47,-42,1,0,1,0,0,0,0,0,1000,1000,0
-70,-65,0,0,0,0,0,0,0,0,0,0,0
-73,-74,0,0,0,0,0,0,0,0,0,0,0
-38,-40,0,0,0,0,0,0,0,0,0,0,0
-48,-48,0,0,0,0,0,0,0,0,0,0,0
-27,-38,1,0,1,0,0,0,0,0,3000,3000,0
-31,-39,1,0,1,0,0,0,0,0,4000,4000,0
-37,-33,2,1,1,0,0,0,0,0,8400,8000,1
49,56,3,1,0,2,0,0,0,0,70800,40000,1
-13,-2,4,2,1,1,0,0,0,0,32800,30000,0
-17,-7,2,0,2,0,0,0,0,0,11000,7000,0
18,17,3,2,1,0,0,0,0,0,6100,5000,1
-42,-30,1,0,0,1,0,0,0,0,30000,30000,0
-37,-26,1,0,1,0,0,0,0,0,7000,7000,1
7,6,4,1,1,2,0,0,0,0,63800,40000,0
6,17,3,1,2,0,0,0,0,0,8400,7000,1
-40,-24,4,1,2,1,0,0,0,0,30900,20000,1
-32,-31,3,2,0,1,0,0,0,0,91700,90000,1
-21,-11,1,0,0,1,0,0,0,0,40000,40000,0
67,62,1,0,1,0,0,0,0,0,6000,6000,0
5,8,3,2,1,0,0,0,0,0,5800,5000,1
2,-4,2,0,1,1,0,0,0,0,74000,70000,0
-48,-39,0,0,0,0,0,0,0,0,0,0,0
-65,-61,1,0,1,0,0,0,0,0,3000,3000,0
-48,-52,1,0,1,0,0,0,0,0,3000,3000,0
-4,-8,1,1,0,0,0,0,0,0,300,300,0
-2,-20,0,0,0,0,0,0,0,0,0,0,0
-38,-60,2,0,2,0,0,0,0,0,9000,6000,1
-46,-61,1,0,0,1,0,0,0,0,30000,30000,0
-21,-40,1,0,1,0,0,0,0,0,3000,3000,0
-11,-11,2,1,1,0,0,0,0,0,3200,3000,1
-24,-26,1,0,0,1,0,0,0,0,70000,70000,0
38,41,1,0,1,0,0,0,0,0,3000,3000,0
-33,-29,0,0,0,0,0,0,0,0,0,0,0
-38,-19,2,1,1,0,0,0,0,0,3700,3000,1
-2,8,3,1,1,1,0,0,0,0,35900,30000,1
16,10,2,1,0,1,0,0,0,0,40700,40000,0
-2,2,3,2,1,0,0,0,0,0,5200,4000,0
87,85,4,0,4,0,0,0,0,0,18000,8000,0
92,97,2,1,1,0,0,0,0,0,8700,8000,1
-38,2,2,0,1,1,0,0,0,0,54000,50000,0
27,38,1,0,1,0,0,0,0,0,2000,2000,1
-28,-22,2,0,1,1,0,0,0,0,31000,30000,0
-79,-70,0,0,0,0,0,0,0,0,0,0,0
-82,-76,1,0,1,0,0,0,0,0,2000,2000,0
-73,-57,1,0,1,0,0,0,0,0,4000,4000,0
-41,-35,1,1,0,0,0,0,0,0,400,400,1
39,41,2,0,1,1,0,0,0,0,25000,20000,0
-33,-16,1,0,1,0,0,0,0,0,1000,1000,1
-43,-50,2,0,1,1,0,0,0,0,73000,70000,0
-11,-31,4,4,0,0,0,0,0,0,1800,700,0
-30,-45,2,2,0,0,0,0,0,0,700,400,1
-8,-14,4,2,1,1,0,0,0,0,27100,20000,1
54,35,2,1,0,1,0,0,0,0,20600,20000,1
7,-7,3,2,0,1,0,0,0,0,20700,20000,0
-7,1,2,1,1,0,0,0,0,0,4200,4000,1
11,12,3,2,0,1,0,0,0,0,51200,50000,0
92,37,2,1,1,0,0,0,0,0,1200,1000,0
-38,-62,3,1,2,0,0,0,0,0,14400,9000,0
-1,-47,4,3,1,0,0,0,0,0,4300,3000,0
-74,-70,0,0,0,0,0,0,0,0,0,0,1
-21,-45,2,0,0,2,0,0,0,0,40000,20000,0
128,144,5,3,2,0,0,0,0,0,6200,2000,1
28,29,3,1,1,1,0,0,0,0,34400,30000,1
-29,-48,3,1,1,1,0,0,0,0,31300,30000,0
11,-22,2,2,0,0,0,0,0,0,900,500,1
-41,-47,1,0,0,1,0,0,0,0,40000,40000,0
-36,-58,1,1,0,0,0,0,0,0,400,400,0
7,-23,2,1,1,0,0,0,0,0,6500,6000,1
-1,-29,4,1,1,2,0,0,0,0,53600,30000,0
-53,-45,0,0,0,0,0,0,0,0,0,0,0
-34,-31,0,0,0,0,0,0,0,0,0,0,0
-31,-32,1,0,1,0,0,0,0,0,4000,4000,0
-4,-19,2,0,2,0,0,0,0,0,4000,2000,0
-9,-10,5,2,3,0,0,0,0,0,9700,5000,0
-3,-7,1,1,0,0,0,0,0,0,100,100,1
65,24,1,0,0,1,0,0,0,0,20000,20000,0
-88,-79,1,1,0,0,0,0,0,0,400,400,0
-94,-85,0,0,0,0,0,0,0,0,0,0,0
-95,-87,0,0,0,0,0,0,0,0,0,0,0
-85,-86,1,0,1,0,0,0,0,0,1000,1000,0
-95,-87,0,0,0,0,0,0,0,0,0,0,0
-92,-85,0,0,0,0,0,0,0,0,0,0,0
-93,-82,0,0,0,0,0,0,0,0,0,0,0
-89,-82,0,0,0,0,0,0,0,0,0,0,0
-88,-79,0,0,0,0,0,0,0,0,0,0,0
-78,-73,0,0,0,0,0,0,0,0,0,0,0
-91,-91,1,0,1,0,0,0,0,0,3000,3000,0
-89,-87,3,2,1,0,0,0,0,0,9600,8000,1
-79,-73,3,2,0,1,0,0,0,0,21000,20000,0
-78,-69,3,2,1,0,0,0,0,0,5900,5000,1
15,24,4,1,2,1,0,0,0,0,27600,10000,0
-50,-45,6,1,5,0,0,0,0,0,17900,7000,1
-70,-60,4,1,2,1,0,0,0,0,41200,30000,0
-78,-74,2,1,1,0,0,0,0,0,2800,2000,0
-58,-52,3,2,1,0,0,0,0,0,6900,6000,1
-58,-58,4,2,1,1,0,0,0,0,44200,40000,0
-61,-49,4,1,3,0,0,0,0,0,12700,9000,1
-25,-33,7,2,3,2,0,0,0,0,67700,30000,0
-42,-35,3,1,2,0,0,0,0,0,7500,5000,0
-47,-41,5,1,4,0,0,0,0,0,9500,4000,0
10,21,6,4,2,0,0,0,0,0,9200,6000,1
54,56,5,2,2,1,0,0,0,0,36200,30000,0
8,9,3,2,1,0,0,0,0,0,3600,3000,1
61,78,9,1,7,1,0,0,0,0,49800,30000,0
-37,-19,2,1,1,0,0,0,0,0,1600,1000,0
-81,-67,1,0,1,0,0,0,0,0,3000,3000,0
-87,-84,0,0,0,0,0,0,0,0,0,0,0
-87,-82,1,0,1,0,0,0,0,0,3000,3000,0
-32,-19,3,1,2,0,0,0,0,0,14600,9000,1
7,24,4,2,1,1,0,0,0,0,44400,40000,0
-12,-7,5,3,2,0,0,0,0,0,6000,3000,0
-2,6,2,1,1,0,0,0,0,0,3200,3000,1
-26,-32,3,1,1,1,0,0,0,0,38600,30000,0
-14,-31,3,1,2,0,0,0,0,0,9400,6000,0
-6,0,3,1,2,0,0,0,0,0,11500,8000,1
71,94,5,2,2,1,0,0,0,0,34400,20000,1
-32,-6,2,0,1,1,0,0,0,0,22000,20000,0
-14,-19,6,3,3,0,0,0,0,0,14300,9000,1
9,59,3,2,0,1,0,0,0,0,70700,70000,0
-10,10,1,0,1,0,0,0,0,0,1000,1000,0
-47,-54,4,1,3,0,0,0,0,0,8800,5000,0
-13,6,4,0,4,0,0,0,0,0,15000,8000,1
-42,-16,6,1,3,2,0,0,0,0,70500,50000,0
-31,-37,5,1,4,0,0,0,0,0,15400,7000,0
26,5,5,1,4,0,0,0,0,0,10800,5000,1
-29,-33,3,2,0,1,0,0,0,0,20500,20000,0
-33,-45,5,3,2,0,0,0,0,0,11500,9000,0
-40,-39,3,1,2,0,0,0,0,0,9300,6000,0
-74,-51,1,1,0,0,0,0,0,0,400,400,0
-41,-27,5,2,3,0,0,0,0,0,9900,4000,1
61,92,7,3,3,1,0,0,0,0,25100,20000,0
95,84,6,1,5,0,0,0,0,0,14700,4000,1
-6,7,7,1,3,3,0,0,0,0,114400,70000,1
96,96,9,4,4,1,0,0,0,0,40600,20000,1
54,39,5,3,0,2,0,0,0,0,71300,50000,0
6,10,6,4,2,0,0,0,0,0,8200,6000,1
28,47,3,1,1,1,0,0,0,0,27500,20000,0
53,70,6,1,5,0,0,0,0,0,25700,8000,0
-44,-6,3,1,2,0,0,0,0,0,6300,4000,1
12,46,8,4,2,2,0,0,0,0,97100,50000,0
3,46,4,2,2,0,0,0,0,0,15000,9000,0
-27,2,5,1,4,0,0,0,0,0,14200,7000,1
16,93,2,0,1,0,1,0,0,0,202000,200000,0
-59,-31,1,0,1,0,0,0,0,0,5000,5000,0
31,90,6,2,4,0,0,0,0,0,10800,6000,1
53,96,5,2,2,1,0,0,0,0,30200,20000,0
-27,12,3,1,2,0,0,0,0,0,3500,2000,0
-51,-1,2,1,0,0,0,0,0,0,250,200,0
-56,-42,1,0,0,0,0,0,0,0,50,50,1
-67,-54,1,0,0,1,0,0,0,0,30000,30000,1
-39,-36,3,2,0,1,0,0,0,0,70600,70000,0
-41,-20,1,0,1,0,0,0,0,0,8000,8000,0
72,86,1,0,1,0,0,0,0,0,2000,2000,0
106,118,2,1,1,0,0,0,0,0,2300,2000,1
27,30,5,2,2,1,0,0,0,0,26600,20000,0
-17,5,3,1,2,0,0,0,0,0,8700,5000,1
22,-69,8,5,2,1,0,0,0,0,89400,80000,1
82,-53,4,1,2,1,0,0,0,0,81400,70000,0
96,-56,4,2,2,0,0,0,0,0,6200,3000,1
-16,-14,8,3,3,2,0,0,0,0,52700,30000,0
19,37,8,4,4,0,0,0,0,0,13400,8000,0
1,15,4,2,2,0,0,0,0,0,6300,4000,0
-35,-27,5,2,3,0,0,0,0,0,6100,2000,0
26,43,6,2,4,0,0,0,0,0,20800,7000,1
-29,-6,4,1,2,1,0,0,0,0,22900,10000,0
-36,-20,2,0,2,0,0,0,0,0,4000,2000,0
-17,9,2,1,1,0,0,0,0,0,5400,5000,0
-44,-29,1,1,0,0,0,0,0,0,700,700,0
-53,-88,1,1,0,0,0,0,0,0,300,300,0
-72,-92,1,1,0,0,0,0,0,0,100,100,0
-57,-90,1,0,1,0,0,0,0,0,2000,2000,0
17,25,2,0,2,0,0,0,0,0,9000,7000,0
25,29,6,5,1,0,0,0,0,0,4300,2000,0
-30,-16,1,1,0,0,0,0,0,0,200,200,0
-20,-2,5,2,3,0,0,0,0,0,10500,5000,0
18,32,3,1,2,0,0,0,0,0,2700,1000,1
12,8,5,1,3,0,1,0,0,0,207900,200000,0
-30,-28,4,2,2,0,0,0,0,0,8800,7000,0
11,20,5,3,2,0,0,0,0,0,9600,6000,0
54,50,3,2,1,0,0,0,0,0,1600,1000,0
-11,36,0,0,0,0,0,0,0,0,0,0,0
-62,-32,0,0,0,0,0,0,0,0,0,0,0
-78,-30,1,0,1,0,0,0,0,0,4000,4000,1
-64,-45,2,1,0,1,0,0,0,0,40400,40000,1
-1,75,6,3,2,1,0,0,0,0,44000,40000,0
-48,-7,3,1,2,0,0,0,0,0,6600,3000,0
-53,-21,2,1,1,0,0,0,0,0,1400,1000,0
-4,35,5,3,2,0,0,0,0,0,5700,2000,0
-42,-31,0,0,0,0,0,0,0,0,0,0,0
47,94,1,1,0,0,0,0,0,0,300,300,0
-31,-12,2,1,1,0,0,0,0,0,4300,4000,0
-8,-26,2,1,1,0,0,0,0,0,5500,5000,0
-40,-19,3,3,0,0,0,0,0,0,2000,700,0
-8,18,1,0,1,0,0,0,0,0,2000,2000,0
-7,15,2,1,1,0,0,0,0,0,3200,3000,0
-31,-23,3,1,2,0,0,0,0,0,6200,4000,0
9,23,5,2,3,0,0,0,0,0,4800,2000,0
-17,-6,5,3,2,0,0,0,0,0,12100,7000,0
-40,-35,6,3,3,0,0,0,0,0,7000,3000,0
32,24,5,3,2,0,0,0,0,0,9200,5000,0
34,31,3,1,2,0,0,0,0,0,5100,4000,0
-30,-27,6,3,3,0,0,0,0,0,6800,3000,0
30,43,2,1,1,0,0,0,0,0,4500,4000,0
1,9,2,2,0,0,0,0,0,0,1500,800,0
-58,-59,2,1,1,0,0,0,0,0,4700,4000,1
94,83,4,2,1,1,0,0,0,0,27100,20000,0
-51,-42,3,3,0,0,0,0,0,0,1000,500,0
-17,23,1,1,0,0,0,0,0,0,400,400,0
-69,-42,1,1,0,0,0,0,0,0,200,200,0
-53,-40,0,0,0,0,0,0,0,0,0,0,0
-72,-44,1,1,0,0,0,0,0,0,800,800,0
-49,-14,2,1,1,0,0,0,0,0,1300,1000,0
-22,-35,0,0,0,0,0,0,0,0,0,0,0
69,67,1,0,1,0,0,0,0,0,5000,5000,1
-4,25,3,0,2,0,1,0,0,0,402000,400000,0
-31,-5,2,2,0,0,0,0,0,0,1100,700,1
-44,-26,1,0,0,1,0,0,0,0,10000,10000,0
9,44,3,1,2,0,0,0,0,0,12600,8000,0
34,50,0,0,0,0,0,0,0,0,0,0,0
-72,-72,6,3,3,0,0,0,0,0,9800,6000,0
-41,-37,3,1,2,0,0,0,0,0,5600,3000,0
-57,-47,2,2,0,0,0,0,0,0,1200,600,0
-22,-27,4,3,1,0,0,0,0,0,2700,2000,0
-7,-5,2,1,1,0,0,0,0,0,8700,8000,0
-81,-84,1,0,1,0,0,0,0,0,2000,2000,0
-25,-31,3,3,0,0,0,0,0,0,1400,600,0
19,56,4,1,3,0,0,0,0,0,14400,9000,0
-26,-22,1,1,0,0,0,0,0,0,400,400,0
-16,2,3,0,3,0,0,0,0,0,4000,2000,1
-7,35,3,1,1,1,0,0,0,0,81500,80000,0
-29,-8,2,0,2,0,0,0,0,0,6000,4000,0
-5,10,1,1,0,0,0,0,0,0,700,700,0
-73,-74,1,1,0,0,0,0,0,0,600,600,0
-81,-86,1,0,1,0,0,0,0,0,3000,3000,0
-40,-39,3,3,0,0,0,0,0,0,1600,800,0
15,18,1,1,0,0,0,0,0,0,400,400,0
-17,-23,2,1,1,0,0,0,0,0,1700,1000,0
-50,-51,1,0,1,0,0,0,0,0,4000,4000,0
-20,-29,3,3,0,0,0,0,0,0,1800,900,0
18,13,0,0,0,0,0,0,0,0,0,0,0
3,-13,1,0,1,0,0,0,0,0,2000,2000,0
37,58,0,0,0,0,0,0,0,0,0,0,0
54,-11,5,2,3,0,0,0,0,0,6200,3000,0
-49,-51,2,1,1,0,0,0,0,0,4500,4000,1
64,65,8,5,2,1,0,0,0,0,33600,20000,0
-55,-42,0,0,0,0,0,0,0,0,0,0,1
-39,-44,3,1,1,1,0,0,0,0,24200,20000,0
64,75,1,0,1,0,0,0,0,0,2000,2000,0
33,40,0,0,0,0,0,0,0,0,0,0,0
-44,-50,2,1,1,0,0,0,0,0,4200,4000,0
-58,-49,0,0,0,0,0,0,0,0,0,0,0
-88,-73,1,1,0,0,0,0,0,0,100,100,0
-76,-76,1,1,0,0,0,0,0,0,400,400,0
-79,-69,0,0,0,0,0,0,0,0,0,0,0
-13,-33,2,1,1,0,0,0,0,0,3300,3000,0
-66,-67,2,1,1,0,0,0,0,0,3300,3000,0
46,68,5,3,2,0,0,0,0,0,4000,1000,0
-12,5,1,0,1,0,0,0,0,0,3000,3000,0
-35,-26,2,0,2,0,0,0,0,0,4000,3000,0
27,29,6,3,3,0,0,0,0,0,5800,2000,0
-39,-28,2,1,1,0,0,0,0,0,1300,1000,0
-18,58,1,0,1,0,0,0,0,0,2000,2000,0
-6,34,0,0,0,0,0,0,0,0,0,0,0
14,43,2,1,1,0,0,0,0,0,2800,2000,0
-19,5,3,3,0,0,0,0,0,0,1700,700,1
173,172,5,2,2,1,0,0,0,0,23500,20000,1
55,62,2,0,1,0,1,0,0,0,303000,300000,0
-19,-56,3,2,1,0,0,0,0,0,10200,9000,1
53,-25,2,0,1,1,0,0,0,0,23000,20000,0
6,-54,2,2,0,0,0,0,0,0,1300,800,0
-38,-37,6,1,5,0,0,0,0,0,10300,3000,0
-24,-3,3,2,1,0,0,0,0,0,1800,1000,0
-56,-48,1,0,1,0,0,0,0,0,2000,2000,0
-87,-87,0,0,0,0,0,0,0,0,0,0,0
-88,-89,0,0,0,0,0,0,0,0,0,0,0
-86,-89,1,0,1,0,0,0,0,0,2000,2000,0
-46,-35,3,3,0,0,0,0,0,0,800,300,1
3,19,3,1,1,1,0,0,0,0,49200,40000,0
-56,-51,3,1,2,0,0,0,0,0,5800,3000,0
-55,-48,2,1,1,0,0,0,0,0,7900,7000,0
-10,-8,2,2,0,0,0,0,0,0,800,500,1
-56,-49,4,1,2,1,0,0,0,0,28400,20000,0
-38,-39,3,3,0,0,0,0,0,0,1600,900,0
31,15,2,2,0,0,0,0,0,0,500,400,0
11,-6,0,0,0,0,0,0,0,0,0,0,0
-3,13,6,3,3,0,0,0,0,0,13300,9000,0
-22,11,2,1,1,0,0,0,0,0,3700,3000,0
-39,-13,1,0,1,0,0,0,0,0,4000,4000,0
-29,5,0,0,0,0,0,0,0,0,0,0,0
-16,18,2,2,0,0,0,0,0,0,400,200,0
-31,-37,1,1,0,0,0,0,0,0,600,600,0
11,-38,1,0,1,0,0,0,0,0,4000,4000,0
-46,-27,2,1,1,0,0,0,0,0,2200,2000,0
-22,-6,1,1,0,0,0,0,0,0,300,300,0
-23,53,0,0,0,0,0,0,0,0,0,0,0
-41,-23,1,1,0,0,0,0,0,0,200,200,0
14,-9,1,0,1,0,0,0,0,0,3000,3000,0
-60,-52,1,1,0,0,0,0,0,0,900,900,0
-50,-52,1,1,0,0,0,0,0,0,700,700,0
2,-12,1,0,1,0,0,0,0,0,2000,2000,0
-41,-39,4,3,1,0,0,0,0,0,2600,1000,1
41,36,2,0,1,1,0,0,0,0,41000,40000,0
2,-3,3,1,2,0,0,0,0,0,10400,8000,0
-47,-40,3,2,1,0,0,0,0,0,3800,3000,0
0,18,1,1,0,0,0,0,0,0,600,600,1
42,54,5,2,2,1,0,0,0,0,34000,30000,0
-34,-33,6,2,4,0,0,0,0,0,10700,5000,0
45,59,1,1,0,0,0,0,0,0,900,900,1
57,63,4,2,1,0,1,0,0,0,204400,200000,0
-74,-69,1,0,1,0,0,0,0,0,5000,5000,0
-6,11,1,1,0,0,0,0,0,0,500,500,0
20,37,3,0,3,0,0,0,0,0,13000,7000,0
6,17,1,0,1,0,0,0,0,0,5000,5000,0
-6,-5,0,0,0,0,0,0,0,0,0,0,0
17,38,2,1,1,0,0,0,0,0,6300,6000,0
-43,26,0,0,0,0,0,0,0,0,0,0,0
-52,-24,0,0,0,0,0,0,0,0,0,0,0
-14,-27,1,0,1,0,0,0,0,0,1000,1000,0
-2,28,0,0,0,0,0,0,0,0,0,0,1
60,49,4,0,3,1,0,0,0,0,72000,60000,0
57,73,0,0,0,0,0,0,0,0,0,0,0
-60,-29,2,1,1,0,0,0,0,0,3600,3000,0
19,35,6,2,4,0,0,0,0,0,11300,4000,0
-7,18,2,0,2,0,0,0,0,0,6000,4000,1
-65,-68,4,1,2,1,0,0,0,0,25200,20000,1
-28,-18,3,2,0,1,0,0,0,0,40600,40000,0
-17,39,0,0,0,0,0,0,0,0,0,0,0
-46,-44,2,0,2,0,0,0,0,0,5000,3000,0
-54,-48,2,2,0,0,0,0,0,0,600,400,1
-61,-53,4,3,0,1,0,0,0,0,70800,70000,0
-47,-46,2,1,1,0,0,0,0,0,3300,3000,0
91,91,4,3,1,0,0,0,0,0,2900,2000,0
98,44,4,2,2,0,0,0,0,0,5800,3000,0
2,-42,4,1,3,0,0,0,0,0,16900,8000,0
90,87,2,1,1,0,0,0,0,0,1300,1000,0
14,21,4,1,3,0,0,0,0,0,6400,3000,0
-20,-9,2,2,0,0,0,0,0,0,1000,500,0
-82,-80,0,0,0,0,0,0,0,0,0,0,0
-68,-80,1,0,1,0,0,0,0,0,3000,3000,0
-47,-36,2,1,1,0,0,0,0,0,2700,2000,1
42,69,2,1,0,1,0,0,0,0,70500,70000,0
12,40,1,1,0,0,0,0,0,0,600,600,0
-16,-19,2,1,1,0,0,0,0,0,4500,4000,0
88,94,5,3,2,0,0,0,0,0,4600,2000,1
60,72,3,0,2,1,0,0,0,0,72000,60000,0
-27,-22,3,2,1,0,0,0,0,0,4600,4000,0
19,29,1,1,0,0,0,0,0,0,500,500,0
3,-6,3,2,1,0,0,0,0,0,2000,1000,0
10,17,4,2,2,0,0,0,0,0,12100,7000,0
98,75,4,2,2,0,0,0,0,0,14100,7000,0
-5,19,3,1,2,0,0,0,0,0,12600,7000,1
-31,-16,2,0,1,1,0,0,0,0,94000,90000,0
25,60,4,3,1,0,0,0,0,0,4100,2000,0
-28,-13,0,0,0,0,0,0,0,0,0,0,0
-14,-10,1,0,1,0,0,0,0,0,2000,2000,0
86,120,3,2,1,0,0,0,0,0,5700,5000,0
5,29,3,1,2,0,0,0,0,0,5200,3000,0
-47,-40,3,1,2,0,0,0,0,0,4900,3000,0
-62,-34,0,0,0,0,0,0,0,0,0,0,0
46,1,1,0,1,0,0,0,0,0,5000,5000,0
-22,2,1,0,1,0,0,0,0,0,1000,1000,1
39,80,3,2,0,1,0,0,0,0,21200,20000,0
-4,3,3,2,1,0,0,0,0,0,1900,1000,0
-10,8,2,0,2,0,0,0,0,0,5000,3000,1
-3,34,5,0,2,3,0,0,0,0,149000,80000,0
-50,-31,1,1,0,0,0,0,0,0,900,900,1
16,188,1,0,0,1,0,0,0,0,10000,10000,0
-58,-37,1,1,0,0,0,0,0,0,500,500,0
-61,-44,1,0,1,0,0,0,0,0,8000,8000,0
-52,-53,2,1,1,0,0,0,0,0,3600,3000,0
26,19,2,2,0,0,0,0,0,0,1000,800,0
-28,-24,2,2,0,0,0,0,0,0,1100,700,0
-45,-57,1,0,1,0,0,0,0,0,5000,5000,0
73,39,4,3,1,0,0,0,0,0,2500,1000,0
28,-20,2,1,1,0,0,0,0,0,2400,2000,0
-39,-40,1,0,1,0,0,0,0,0,3000,3000,0
-31,-39,1,1,0,0,0,0,0,0,200,200,0
-74,-74,1,0,1,0,0,0,0,0,7000,7000,0
-81,-81,1,0,1,0,0,0,0,0,2000,2000,0
-14,-82,1,0,1,0,0,0,0,0,5000,5000,0
-56,-34,1,0,1,0,0,0,0,0,4000,4000,0
-53,-49,2,1,1,0,0,0,0,0,1600,1000,0
4,2,0,0,0,0,0,0,0,0,0,0,0
-11,5,1,1,0,0,0,0,0,0,400,400,0
-16,-22,2,0,2,0,0,0,0,0,5000,3000,0
63,63,6,1,5,0,0,0,0,0,17800,7000,0
-20,-25,1,1,0,0,0,0,0,0,600,600,0
-20,24,1,1,0,0,0,0,0,0,500,500,0
-68,-37,0,0,0,0,0,0,0,0,0,0,0
-18,-49,1,0,1,0,0,0,0,0,3000,3000,0
38,90,0,0,0,0,0,0,0,0,0,0,0
33,11,2,2,0,0,0,0,0,0,1100,700,0
1,2,1,0,1,0,0,0,0,0,5000,5000,0
-8,-13,4,3,1,0,0,0,0,0,4400,3000,0
58,45,2,0,2,0,0,0,0,0,11000,9000,0
-26,-17,0,0,0,0,0,0,0,0,0,0,0
5,-9,6,2,4,0,0,0,0,0,16700,8000,0
98,76,4,2,2,0,0,0,0,0,7100,4000,0
-15,-26,2,2,0,0,0,0,0,0,900,500,0
1,0,2,2,0,0,0,0,0,0,1300,900,0
10,6,4,3,1,0,0,0,0,0,4700,3000,0
-28,-17,1,0,1,0,0,0,0,0,2000,2000,0
-28,-21,3,3,0,0,0,0,0,0,1600,600,1
-12,-9,3,1,1,1,0,0,0,0,22600,20000,1
13,23,2,0,1,1,0,0,0,0,72000,70000,0
-10,9,1,0,1,0,0,0,0,0,6000,6000,1
112,98,3,2,0,1,0,0,0,0,31000,30000,1
-49,-37,2,1,0,0,1,0,0,0,100300,100000,1
-42,-31,5,3,1,1,0,0,0,0,65800,60000,0
-27,-26,3,1,2,0,0,0,0,0,14900,8000,0
-10,-5,1,0,1,0,0,0,0,0,1000,1000,0
-32,-21,2,1,1,0,0,0,0,0,3600,3000,1
39,51,3,1,1,1,0,0,0,0,72500,70000,0
38,40,4,3,1,0,0,0,0,0,2700,1000,0
-22,-24,3,2,1,0,0,0,0,0,5700,4000,0
89,71,2,1,1,0,0,0,0,0,3400,3000,0
-23,-29,2,0,2,0,0,0,0,0,8000,6000,0
43,24,0,0,0,0,0,0,0,0,0,0,0
-14,-2,1,0,1,0,0,0,0,0,2000,2000,0
26,85,1,0,1,0,0,0,0,0,1000,1000,0
-59,-39,1,1,0,0,0,0,0,0,700,700,1
-56,-35,1,0,0,1,0,0,0,0,70000,70000,0
-52,-36,1,0,1,0,0,0,0,0,3000,3000,0
7,20,0,0,0,0,0,0,0,0,0,0,1
64,84,2,0,1,1,0,0,0,0,23000,20000,0
-7,0,0,0,0,0,0,0,0,0,0,0,0
-30,-22,3,0,3,0,0,0,0,0,9000,5000,1
30,51,2,0,0,2,0,0,0,0,100000,80000,0
-7,-6,1,0,1,0,0,0,0,0,7000,7000,1
-28,-16,5,2,2,1,0,0,0,0,54800,50000,0
50,66,1,0,1,0,0,0,0,0,2000,2000,1
-18,-12,4,1,2,1,0,0,0,0,31800,20000,0
-34,-15,1,0,1,0,0,0,0,0,2000,2000,1
-33,-14,1,0,0,1,0,0,0,0,20000,20000,0
8,24,8,4,4,0,0,0,0,0,11300,4000,0
20,44,8,8,0,0,0,0,0,0,4700,800,0
18,94,0,0,0,0,0,0,0,0,0,0,0
-59,-7,0,0,0,0,0,0,0,0,0,0,0
-54,-13,1,0,1,0,0,0,0,0,1000,1000,0
-59,-33,1,1,0,0,0,0,0,0,600,600,0
-63,-46,0,0,0,0,0,0,0,0,0,0,0
-72,-50,1,0,1,0,0,0,0,0,1000,1000,0
-68,-55,0,0,0,0,0,0,0,0,0,0,0
-44,-24,2,1,1,0,0,0,0,0,2400,2000,1
-59,-51,3,0,2,1,0,0,0,0,66000,60000,0
-17,4,4,2,2,0,0,0,0,0,5100,3000,0
-53,-40,1,0,1,0,0,0,0,0,7000,7000,0
12,23,3,1,2,0,0,0,0,0,4400,3000,0
18,44,3,2,1,0,0,0,0,0,2300,1000,0
-32,-38,1,0,1,0,0,0,0,0,2000,2000,0
-79,-90,4,0,4,0,0,0,0,0,19000,8000,0
-64,-85,2,0,2,0,0,0,0,0,3000,2000,0
-77,-88,1,1,0,0,0,0,0,0,600,600,0
-71,-85,2,0,2,0,0,0,0,0,8000,5000,0
-42,-76,4,1,3,0,0,0,0,0,7800,3000,0
-55,-81,3,2,1,0,0,0,0,0,9800,9000,0
-60,-80,2,1,1,0,0,0,0,0,3800,3000,0
-55,-75,3,1,2,0,0,0,0,0,9400,6000,0
-61,-82,0,0,0,0,0,0,0,0,0,0,0
-53,-72,2,1,1,0,0,0,0,0,2500,2000,0
9,28,4,2,2,0,0,0,0,0,11100,8000,0
-31,-34,3,2,1,0,0,0,0,0,3400,2000,0
-42,-64,0,0,0,0,0,0,0,0,0,0,0
-33,-79,1,1,0,0,0,0,0,0,300,300,0
-66,-85,1,0,1,0,0,0,0,0,2000,2000,0
-20,-24,3,3,0,0,0,0,0,0,2000,800,0
59,94,3,2,1,0,0,0,0,0,4200,3000,0
-36,-21,1,1,0,0,0,0,0,0,700,700,0
17,-8,9,5,4,0,0,0,0,0,13200,6000,0
96,96,5,1,4,0,0,0,0,0,13700,9000,0
26,23,6,5,1,0,0,0,0,0,5400,2000,0
-67,-32,1,0,1,0,0,0,0,0,2000,2000,0
95,92,2,1,1,0,0,0,0,0,4700,4000,0
26,42,2,2,0,0,0,0,0,0,1200,700,0
24,5,3,0,3,0,0,0,0,0,4000,2000,0
96,-18,0,0,0,0,0,0,0,0,0,0,0
-57,-29,2,1,1,0,0,0,0,0,2600,2000,0
68,96,5,3,2,0,0,0,0,0,12500,8000,0
6,56,2,1,1,0,0,0,0,0,1700,1000,0
-16,-7,1,0,1,0,0,0,0,0,3000,3000,0
-54,-51,3,1,2,0,0,0,0,0,7700,5000,0
-31,-17,1,1,0,0,0,0,0,0,600,600,0
26,24,0,0,0,0,0,0,0,0,0,0,0
55,49,0,0,0,0,0,0,0,0,0,0,0
-47,-40,0,0,0,0,0,0,0,0,0,0,0
-44,-46,1,0,1,0,0,0,0,0,4000,4000,0
-78,-85,1,0,1,0,0,0,0,0,6000,6000,0
86,62,4,4,0,0,0,0,0,0,1600,600,0
15,21,3,1,2,0,0,0,0,0,2800,1000,0
-44,-46,2,1,1,0,0,0,0,0,4500,4000,0
-49,-48,1,1,0,0,0,0,0,0,400,400,0
37,29,2,2,0,0,0,0,0,0,1100,700,0
16,38,0,0,0,0,0,0,0,0,0,0,0
57,75,5,4,1,0,0,0,0,0,3900,2000,0
-14,22,0,0,0,0,0,0,0,0,0,0,0
-33,-32,4,2,2,0,0,0,0,0,5100,3000,0
16,24,3,2,1,0,0,0,0,0,4000,3000,0
-5,2,2,1,1,0,0,0,0,0,3400,3000,0
-58,-51,3,2,1,0,0,0,0,0,3900,3000,0
53,45,1,1,0,0,0,0,0,0,700,700,0
8,3,1,1,0,0,0,0,0,0,500,500,0
-10,1,5,2,3,0,0,0,0,0,9000,4000,0
42,63,6,4,2,0,0,0,0,0,7400,3000,0
-19,3,3,2,1,0,0,0,0,0,3100,2000,0
-23,37,0,0,0,0,0,0,0,0,0,0,0
-38,12,0,0,0,0,0,0,0,0,0,0,0
-64,-51,2,1,1,0,0,0,0,0,3400,3000,0
-61,-52,1,0,1,0,0,0,0,0,2000,2000,0
27,50,6,5,1,0,0,0,0,0,4800,2000,0
-40,-11,3,2,1,0,0,0,0,0,8300,7000,0
-15,-21,6,3,3,0,0,0,0,0,7700,3000,0
-35,-13,4,3,1,0,0,0,0,0,2800,1000,0
-38,-47,3,2,1,0,0,0,0,0,5800,5000,1
-6,-67,5,2,2,1,0,0,0,0,25300,20000,0
-31,-59,2,2,0,0,0,0,0,0,1200,800,0
-64,-75,3,2,1,0,0,0,0,0,2000,1000,0
10,-70,2,1,1,0,0,0,0,0,9300,9000,0
-79,-74,0,0,0,0,0,0,0,0,0,0,0
-81,-82,0,0,0,0,0,0,0,0,0,0,0
-54,-71,0,0,0,0,0,0,0,0,0,0,0
-73,-65,0,0,0,0,0,0,0,0,0,0,0
-83,-82,0,0,0,0,0,0,0,0,0,0,0
-87,-85,0,0,0,0,0,0,0,0,0,0,0
-96,-90,0,0,0,0,0,0,0,0,0,0,0
-62,-95,0,0,0,0,0,0,0,0,0,0,0
-40,-90,0,0,0,0,0,0,0,0,0,0,0
-71,-92,0,0,0,0,0,0,0,0,0,0,0
-67,-92,1,0,1,0,0,0,0,0,3000,3000,0
-42,-39,2,2,0,0,0,0,0,0,1200,900,0
-90,-96,1,0,1,0,0,0,0,0,4000,4000,0
-85,-90,0,0,0,0,0,0,0,0,0,0,0
-96,-96,1,1,0,0,0,0,0,0,600,600,0
-85,-79,4,0,4,0,0,0,0,0,12000,6000,0
-3,-28,0,0,0,0,0,0,0,0,0,0,0
-10,-44,3,2,1,0,0,0,0,0,2800,2000,0
60,3,1,0,1,0,0,0,0,0,8000,8000,0
45,0,4,3,1,0,0,0,0,0,2500,1000,0
-33,-69,2,0,2,0,0,0,0,0,6000,3000,0
19,-16,0,0,0,0,0,0,0,0,0,0,0
-5,-38,0,0,0,0,0,0,0,0,0,0,0
-13,-8,3,2,1,0,0,0,0,0,1700,1000,0
5,-42,4,3,1,0,0,0,0,0,3000,2000,0
-51,-20,0,0,0,0,0,0,0,0,0,0,0
-36,-63,2,0,2,0,0,0,0,0,5000,3000,0
-68,-60,0,0,0,0,0,0,0,0,0,0,0
-87,-72,0,0,0,0,0,0,0,0,0,0,0
-73,-81,0,0,0,0,0,0,0,0,0,0,0
-79,-81,0,0,0,0,0,0,0,0,0,0,0
-59,-69,1,0,1,0,0,0,0,0,1000,1000,0
17,-45,2,1,1,0,0,0,0,0,1700,1000,0
-39,-56,2,2,0,0,0,0,0,0,500,300,0
-55,-76,1,0,1,0,0,0,0,0,1000,1000,0
37,-10,1,0,1,0,0,0,0,0,4000,4000,0
13,7,2,2,0,0,0,0,0,0,800,400,0
-25,-26,1,1,0,0,0,0,0,0,400,400,0
-23,-3,1,0,1,0,0,0,0,0,4000,4000,0
61,35,2,2,0,0,0,0,0,0,500,300,0
7,3,0,0,0,0,0,0,0,0,0,0,0
-1,28,1,0,1,0,0,0,0,0,2000,2000,0
122,93,4,2,2,0,0,0,0,0,10400,7000,0
-20,-17,1,1,0,0,0,0,0,0,800,800,0
21,21,1,0,1,0,0,0,0,0,1000,1000,0
24,38,4,2,2,0,0,0,0,0,7300,4000,0
9,22,1,0,1,0,0,0,0,0,1000,1000,0
28,11,3,2,1,0,0,0,0,0,4000,3000,0
24,34,4,3,1,0,0,0,0,0,3000,2000,0
87,95,0,0,0,0,0,0,0,0,0,0,0
-18,0,0,0,0,0,0,0,0,0,0,0,0
-56,-41,0,0,0,0,0,0,0,0,0,0,0
-24,-20,0,0,0,0,0,0,0,0,0,0,0
-54,-49,1,1,0,0,0,0,0,0,300,300,0
-30,-31,3,2,1,0,0,0,0,0,2000,1000,0
-32,-37,2,2,0,0,0,0,0,0,600,400,0
-37,-6,1,0,1,0,0,0,0,0,9000,9000,0
-42,-42,1,1,0,0,0,0,0,0,500,500,0
-21,-24,3,1,2,0,0,0,0,0,8400,6000,0
-72,-66,1,1,0,0,0,0,0,0,600,600,0
-37,-29,0,0,0,0,0,0,0,0,0,0,0
-47,-51,1,1,0,0,0,0,0,0,200,200,0
69,39,1,1,0,0,0,0,0,0,400,400,0
-18,-43,0,0,0,0,0,0,0,0,0,0,0
-50,-36,0,0,0,0,0,0,0,0,0,0,0
-34,-21,1,0,1,0,0,0,0,0,1000,1000,0
49,65,0,0,0,0,0,0,0,0,0,0,0
-8,9,0,0,0,0,0,0,0,0,0,0,0
-43,-52,2,2,0,0,0,0,0,0,1000,800,0
-17,-16,0,0,0,0,0,0,0,0,0,0,0
-29,-25,1,1,0,0,0,0,0,0,800,800,0
-19,-3,2,1,1,0,0,0,0,0,4800,4000,0
-5,25,0,0,0,0,0,0,0,0,0,0,0
-9,-22,0,0,0,0,0,0,0,0,0,0,0
-44,-17,2,0,2,0,0,0,0,0,3000,2000,0
47,67,4,1,3,0,0,0,0,0,13500,8000,0
35,62,0,0,0,0,0,0,0,0,0,0,0
-48,-35,0,0,0,0,0,0,0,0,0,0,0
80,87,0,0,0,0,0,0,0,0,0,0,0
11,11,2,1,1,0,0,0,0,0,1700,1000,0
-78,-62,0,0,0,0,0,0,0,0,0,0,0
34,66,1,0,1,0,0,0,0,0,6000,6000,0
-55,-48,1,0,1,0,0,0,0,0,5000,5000,0
2,17,0,0,0,0,0,0,0,0,0,0,0
38,66,1,1,0,0,0,0,0,0,500,500,0
-14,-3,0,0,0,0,0,0,0,0,0,0,0
22,103,0,0,0,0,0,0,0,0,0,0,0
8,30,1,0,1,0,0,0,0,0,3000,3000,0
-47,-47,0,0,0,0,0,0,0,0,0,0,0
33,31,0,0,0,0,0,0,0,0,0,0,0
-13,-13,1,1,0,0,0,0,0,0,400,400,0
86,11,0,0,0,0,0,0,0,0,0,0,0
-8,-47,2,2,0,0,0,0,0,0,900,600,0
-88,-74,0,0,0,0,0,0,0,0,0,0,0
-52,-62,0,0,0,0,0,0,0,0,0,0,0
38,13,0,0,0,0,0,0,0,0,0,0,0
12,-14,0,0,0,0,0,0,0,0,0,0,0
74,-3,0,0,0,0,0,0,0,0,0,0,0
-9,-9,2,2,0,0,0,0,0,0,1000,600,0
43,-8,0,0,0,0,0,0,0,0,0,0,0
166,180,1,0,1,0,0,0,0,0,1000,1000,0
84,88,0,0,0,0,0,0,0,0,0,0,0
44,97,0,0,0,0,0,0,0,0,0,0,1
28,84,1,0,0,1,0,0,0,0,20000,20000,0
-49,-20,0,0,0,0,0,0,0,0,0,0,0
-60,-41,0,0,0,0,0,0,0,0,0,0,0
-61,-38,0,0,0,0,0,0,0,0,0,0,0
-51,-23,0,0,0,0,0,0,0,0,0,0,0
-21,6,1,1,0,0,0,0,0,0,300,300,0
-65,-55,0,0,0,0,0,0,0,0,0,0,0
-39,-46,1,1,0,0,0,0,0,0,400,400,0
42,12,0,0,0,0,0,0,0,0,0,0,0
-33,-61,0,0,0,0,0,0,0,0,0,0,0
-60,-61,0,0,0,0,0,0,0,0,0,0,0
-68,-39,0,0,0,0,0,0,0,0,0,0,0
-50,-17,0,0,0,0,0,0,0,0,0,0,0
65,57,3,3,0,0,0,0,0,0,500,200,0
-35,12,0,0,0,0,0,0,0,0,0,0,0
-14,-20,0,0,0,0,0,0,0,0,0,0,0
7,0,0,0,0,0,0,0,0,0,0,0,0
-16,-19,0,0,0,0,0,0,0,0,0,0,0
13,-10,0,0,0,0,0,0,0,0,0,0,0
20,0,1,0,1,0,0,0,0,0,9000,9000,0
37,18,0,0,0,0,0,0,0,0,0,0,0
44,23,0,0,0,0,0,0,0,0,0,0,0
-19,-45,0,0,0,0,0,0,0,0,0,0,0
65,18,0,0,0,0,0,0,0,0,0,0,0
39,11,0,0,0,0,0,0,0,0,0,0,0
-51,-51,0,0,0,0,0,0,0,0,0,0,0
55,33,1,1,0,0,0,0,0,0,700,700,0
76,72,0,0,0,0,0,0,0,0,0,0,0
-58,-49,0,0,0,0,0,0,0,0,0,0,0
-75,-60,0,0,0,0,0,0,0,0,0,0,0
-85,-74,0,0,0,0,0,0,0,0,0,0,0
-94,-73,0,0,0,0,0,0,0,0,0,0,0
-94,-82,0,0,0,0,0,0,0,0,0,0,0
-86,-77,0,0,0,0,0,0,0,0,0,0,0
-82,-75,0,0,0,0,0,0,0,0,0,0,0
-76,-71,0,0,0,0,0,0,0,0,0,0,0
-85,-66,0,0,0,0,0,0,0,0,0,0,0
-71,-51,0,0,0,0,0,0,0,0,0,0,0
-9,-35,0,0,0,0,0,0,0,0,0,0,0
16,-8,0,0,0,0,0,0,0,0,0,0,0
-23,-40,0,0,0,0,0,0,0,0,0,0,0
1,-30,0,0,0,0,0,0,0,0,0,0,0
95,68,0,0,0,0,0,0,0,0,0,0,0
4,-32,0,0,0,0,0,0,0,0,0,0,0
-1,-30,0,0,0,0,0,0,0,0,0,0,0
2,-32,0,0,0,0,0,0,0,0,0,0,0
14,-20,0,0,0,0,0,0,0,0,0,0,0
14,5,0,0,0,0,0,0,0,0,0,0,0
23,10,0,0,0,0,0,0,0,0,0,0,0
-33,-28,0,0,0,0,0,0,0,0,0,0,0
-20,10,0,0,0,0,0,0,0,0,0,0,0
-3,-25,0,0,0,0,0,0,0,0,0,0,0
-34,-50,0,0,0,0,0,0,0,0,0,0,0
-31,-50,0,0,0,0,0,0,0,0,0,0,0
-37,-40,0,0,0,0,0,0,0,0,0,0,0
-37,-32,0,0,0,0,0,0,0,0,0,0,0
97,32,0,0,0,0,0,0,0,0,0,0,0
41,12,0,0,0,0,0,0,0,0,0,0,0
88,22,0,0,0,0,0,0,0,0,0,0,0
14,0,0,0,0,0,0,0,0,0,0,0,0
13,-30,0,0,0,0,0,0,0,0,0,0,0
-49,36,0,0,0,0,0,0,0,0,0,0,0
98,20,0,0,0,0,0,0,0,0,0,0,0
-49,36,0,0,0,0,0,0,0,0,0,0,0
98,20,0,0,0,0,0,0,0,0,0,0,0
87,12,0,0,0,0,0,0,0,0,0,0,0
-32,-15,0,0,0,0,0,0,0,0,0,0,0
-11,-32,0,0,0,0,0,0,0,0,0,0,0
60,-42,0,0,0,0,0,0,0,0,0,0,0
-67,-52,0,0,0,0,0,0,0,0,0,0,0
-43,-62,0,0,0,0,0,0,0,0,0,0,0
-58,-40,0,0,0,0,0,0,0,0,0,0,0
51,-20,0,0,0,0,0,0,0,0,0,0,0
-27,-25,0,0,0,0,0,0,0,0,0,0,0
-69,-60,0,0,0,0,0,0,0,0,0,0,0
-66,-60,0,0,0,0,0,0,0,0,0,0,0
-12,-38,0,0,0,0,0,0,0,0,0,0,0
-21,-32,0,0,0,0,0,0,0,0,0,0,0
-26,-22,0,0,0,0,0,0,0,0,0,0,0
12,-20,0,0,0,0,0,0,0,0,0,0,0
-27,-52,0,0,0,0,0,0,0,0,0,0,0
-46,-45,0,0,0,0,0,0,0,0,0,0,0
-83,-50,0,0,0,0,0,0,0,0,0,0,0
2,-2,0,0,0,0,0,0,0,0,0,0,0
-75,-78,0,0,0,0,0,0,0,0,0,0,0
-40,-45,0,0,0,0,0,0,0,0,0,0,0
-66,-72,0,0,0,0,0,0,0,0,0,0,0
-34,-42,0,0,0,0,0,0,0,0,0,0,0
15,-28,0,0,0,0,0,0,0,0,0,0,0
19,-38,0,0,0,0,0,0,0,0,0,0,0
5,-65,0,0,0,0,0,0,0,0,0,0,0
-5,-40,0,0,0,0,0,0,0,0,0,0,0
-48,-62,0,0,0,0,0,0,0,0,0,0,0
14,18,0,0,0,0,0,0,0,0,0,0,0
77,-20,0,0,0,0,0,0,0,0,0,0,0
-24,-52,0,0,0,0,0,0,0,0,0,0,0
-29,-58,0,0,0,0,0,0,0,0,0,0,0
-54,-82,0,0,0,0,0,0,0,0,0,0,0
-71,-78,0,0,0,0,0,0,0,0,0,0,0
-57,-65,0,0,0,0,0,0,0,0,0,0,0
-7,-85,0,0,0,0,0,0,0,0,0,0,0
73,-52,0,0,0,0,0,0,0,0,0,0,0
37,-65,0,0,0,0,0,0,0,0,0,0,0
-65,-78,0,0,0,0,0,0,0,0,0,0,0
60,-68,0,0,0,0,0,0,0,0,0,0,0
12,-52,0,0,0,0,0,0,0,0,0,0,0
-74,-72,0,0,0,0,0,0,0,0,0,0,0
75,8,0,0,0,0,0,0,0,0,0,0,0
-74,-72,0,0,0,0,0,0,0,0,0,0,0
75,8,0,0,0,0,0,0,0,0,0,0,0
0,-52,0,0,0,0,0,0,0,0,0,0,0
5,-2,0,0,0,0,0,0,0,0,0,0,0
15,-28,0,0,0,0,0,0,0,0,0,0,0
27,-42,0,0,0,0,0,0,0,0,0,0,0
26,-58,0,0,0,0,0,0,0,0,0,0,0
-26,-52,0,0,0,0,0,0,0,0,0,0,0
32,-50,0,0,0,0,0,0,0,0,0,0,0
30,-32,0,0,0,0,0,0,0,0,0,0,0
-59,-85,0,0,0,0,0,0,0,0,0,0,0
-24,-75,0,0,0,0,0,0,0,0,0,0,0
2,-40,0,0,0,0,0,0,0,0,0,0,0
0,-58,0,0,0,0,0,0,0,0,0,0,0
-73,-62,0,0,0,0,0,0,0,0,0,0,0
99,38,0,0,0,0,0,0,0,0,0,0,0
-29,-20,0,0,0,0,0,0,0,0,0,0,0
10,-38,0,0,0,0,0,0,0,0,0,0,0
24,-62,0,0,0,0,0,0,0,0,0,0,0
-18,-68,0,0,0,0,0,0,0,0,0,0,0
33,-58,0,0,0,0,0,0,0,0,0,0,0
-15,-28,0,0,0,0,0,0,0,0,0,0,0
-49,40,0,0,0,0,0,0,0,0,0,0,0
8,-52,0,0,0,0,0,0,0,0,0,0,0
13,-60,0,0,0,0,0,0,0,0,0,0,0
-3,-65,0,0,0,0,0,0,0,0,0,0,0
-70,-85,0,0,0,0,0,0,0,0,0,0,0
15,-82,0,0,0,0,0,0,0,0,0,0,0
-4,-52,0,0,0,0,0,0,0,0,0,0,0
-37,-75,0,0,0,0,0,0,0,0,0,0,0
-14,-58,0,0,0,0,0,0,0,0,0,0,0
81,15,0,0,0,0,0,0,0,0,0,0,0
-42,-48,0,0,0,0,0,0,0,0,0,0,0
-30,-72,0,0,0,0,0,0,0,0,0,0,0
18,-75,0,0,0,0,0,0,0,0,0,0,0
-45,-78,0,0,0,0,0,0,0,0,0,0,0
34,-65,0,0,0,0,0,0,0,0,0,0,0
55,-68,0,0,0,0,0,0,0,0,0,0,0
95,-60,0,0,0,0,0,0,0,0,0,0,0
-24,-72,0,0,0,0,0,0,0,0,0,0,0
7,-55,0,0,0,0,0,0,0,0,0,0,0
44,-45,0,0,0,0,0,0,0,0,0,0,0
12,-75,0,0,0,0,0,0,0,0,0,0,0
-23,-65,0,0,0,0,0,0,0,0,0,0,0
73,-35,0,0,0,0,0,0,0,0,0,0,0
-64,-75,0,0,0,0,0,0,0,0,0,0,0
6,-42,0,0,0,0,0,0,0,0,0,0,0
4,-45,0,0,0,0,0,0,0,0,0,0,0
6,-38,0,0,0,0,0,0,0,0,0,0,0
2,-30,0,0,0,0,0,0,0,0,0,0,0
-2,-48,0,0,0,0,0,0,0,0,0,0,0
5,-55,0,0,0,0,0,0,0,0,0,0,0
22,-52,0,0,0,0,0,0,0,0,0,0,0
0,-52,0,0,0,0,0,0,0,0,0,0,0
41,12,0,0,0,0,0,0,0,0,0,0,0
-16,-58,0,0,0,0,0,0,0,0,0,0,0
-7,-50,0,0,0,0,0,0,0,0,0,0,0
97,-38,0,0,0,0,0,0,0,0,0,0,0
5,-50,0,0,0,0,0,0,0,0,0,0,0
-43,-55,0,0,0,0,0,0,0,0,0,0,0
-5,-68,0,0,0,0,0,0,0,0,0,0,0
22,-38,0,0,0,0,0,0,0,0,0,0,0
-84,-82,0,0,0,0,0,0,0,0,0,0,0
-66,-85,0,0,0,0,0,0,0,0,0,0,0
4,-72,0,0,0,0,0,0,0,0,0,0,0
48,-45,0,0,0,0,0,0,0,0,0,0,0
63,-12,0,0,0,0,0,0,0,0,0,0,0
-27,-60,0,0,0,0,0,0,0,0,0,0,0
-68,15,0,0,0,0,0,0,0,0,0,0,0
-10,58,0,0,0,0,0,0,0,0,0,0,0
-34,38,0,0,0,0,0,0,0,0,0,0,0
-37,15,0,0,0,0,0,0,0,0,0,0,0
83,65,0,0,0,0,0,0,0,0,0,0,0
54,85,0,0,0,0,0,0,0,0,0,0,0
134,142,0,0,0,0,0,0,0,0,0,0,0
64,86,0,0,0,0,0,0,0,0,0,0,0
59,95,0,0,0,0,0,0,0,0,0,0,0
98,79,0,0,0,0,0,0,0,0,0,0,0
52,40,0,0,0,0,0,0,0,0,0,0,0
-13,48,0,0,0,0,0,0,0,0,0,0,0
-25,-58,0,0,0,0,0,0,0,0,0,0,0
-35,-53,0,0,0,0,0,0,0,0,0,0,0
-73,-54,0,0,0,0,0,0,0,0,0,0,0
-52,-53,0,0,0,0,0,0,0,0,0,0,0
-34,-47,1,0,1,0,0,0,0,0,4000,4000,0
-67,-55,0,0,0,0,0,0,0,0,0,0,0
-60,-49,0,0,0,0,0,0,0,0,0,0,0
-72,-47,0,0,0,0,0,0,0,0,0,0,0
-46,-41,0,0,0,0,0,0,0,0,0,0,0
-50,-41,0,0,0,0,0,0,0,0,0,0,0
-27,-41,0,0,0,0,0,0,0,0,0,0,0
-23,-48,0,0,0,0,0,0,0,0,0,0,0
-56,-54,0,0,0,0,0,0,0,0,0,0,0
124,47,0,0,0,0,0,0,0,0,0,0,1
193,187,1,0,0,0,1,0,0,0,200000,200000,0
61,63,0,0,0,0,0,0,0,0,0,0,0
83,36,0,0,0,0,0,0,0,0,0,0,0
12,3,0,0,0,0,0,0,0,0,0,0,0
16,0,1,1,0,0,0,0,0,0,300,300,0
9,-3,0,0,0,0,0,0,0,0,0,0,0
-2,-53,1,1,0,0,0,0,0,0,700,700,0
23,-19,0,0,0,0,0,0,0,0,0,0,0
99,-10,0,0,0,0,0,0,0,0,0,0,0
198,-33,0,0,0,0,0,0,0,0,0,0,0
175,8,0,0,0,0,0,0,0,0,0,0,0
45,7,0,0,0,0,0,0,0,0,0,0,0
47,-40,0,0,0,0,0,0,0,0,0,0,0
47,6,0,0,0,0,0,0,0,0,0,0,0
334,-5,0,0,0,0,0,0,0,0,0,0,0
-5,15,0,0,0,0,0,0,0,0,0,0,0
75,24,1,0,1,0,0,0,0,0,4000,4000,0
28,20,0,0,0,0,0,0,0,0,0,0,0
-38,-65,0,0,0,0,0,0,0,0,0,0,0
-48,-52,0,0,0,0,0,0,0,0,0,0,0
48,-53,0,0,0,0,0,0,0,0,0,0,0
158,-14,0,0,0,0,0,0,0,0,0,0,0
39,-26,0,0,0,0,0,0,0,0,0,0,0
1,-6,0,0,0,0,0,0,0,0,0,0,0
-10,-22,0,0,0,0,0,0,0,0,0,0,0
-40,-41,0,0,0,0,0,0,0,0,0,0,0
-45,-55,0,0,0,0,0,0,0,0,0,0,0
-63,-59,0,0,0,0,0,0,0,0,0,0,0
42,-28,0,0,0,0,0,0,0,0,0,0,0
-4,-35,0,0,0,0,0,0,0,0,0,0,0
5,-37,0,0,0,0,0,0,0,0,0,0,0
-38,-36,0,0,0,0,0,0,0,0,0,0,0
-16,-60,0,0,0,0,0,0,0,0,0,0,0
-50,-59,0,0,0,0,0,0,0,0,0,0,0
6,-35,0,0,0,0,0,0,0,0,0,0,0
-42,-24,1,1,0,0,0,0,0,0,800,800,0
-62,-33,0,0,0,0,0,0,0,0,0,0,0
-27,-38,1,0,1,0,0,0,0,0,1000,1000,0
-50,-36,0,0,0,0,0,0,0,0,0,0,0
39,69,0,0,0,0,0,0,0,0,0,0,0
34,36,0,0,0,0,0,0,0,0,0,0,0
-37,-2,0,0,0,0,0,0,0,0,0,0,0
54,-10,0,0,0,0,0,0,0,0,0,0,0
18,-15,0,0,0,0,0,0,0,0,0,0,0
43,-32,0,0,0,0,0,0,0,0,0,0,0
-8,-12,0,0,0,0,0,0,0,0,0,0,0
-39,-18,0,0,0,0,0,0,0,0,0,0,0
36,-17,0,0,0,0,0,0,0,0,0,0,0
233,82,1,1,0,0,0,0,0,0,800,800,0
79,33,0,0,0,0,0,0,0,0,0,0,0
45,-1,0,0,0,0,0,0,0,0,0,0,0
14,0,1,1,0,0,0,0,0,0,300,300,0
-13,11,1,1,0,0,0,0,0,0,900,900,0
-44,-24,1,1,0,0,0,0,0,0,400,400,0
-35,-10,0,0,0,0,0,0,0,0,0,0,0
33,14,0,0,0,0,0,0,0,0,0,0,0
14,20,0,0,0,0,0,0,0,0,0,0,0
4,22,0,0,0,0,0,0,0,0,0,0,0
-58,-14,0,0,0,0,0,0,0,0,0,0,0
-31,-15,0,0,0,0,0,0,0,0,0,0,0
-13,-3,0,0,0,0,0,0,0,0,0,0,0
8,-16,1,1,0,0,0,0,0,0,600,600,0
-6,0,0,0,0,0,0,0,0,0,0,0,0
-41,-21,0,0,0,0,0,0,0,0,0,0,0
-21,-28,0,0,0,0,0,0,0,0,0,0,0
-46,-29,0,0,0,0,0,0,0,0,0,0,0
-26,-43,0,0,0,0,0,0,0,0,0,0,0
-15,-11,0,0,0,0,0,0,0,0,0,0,0
11,-12,0,0,0,0,0,0,0,0,0,0,0
-35,-19,0,0,0,0,0,0,0,0,0,0,0
-50,-29,0,0,0,0,0,0,0,0,0,0,0
-33,-29,0,0,0,0,0,0,0,0,0,0,0
-40,-24,0,0,0,0,0,0,0,0,0,0,0
-15,0,0,0,0,0,0,0,0,0,0,0,0
-30,-15,0,0,0,0,0,0,0,0,0,0,0
-27,-26,0,0,0,0,0,0,0,0,0,0,0
-10,-1,0,0,0,0,0,0,0,0,0,0,0
-30,-38,0,0,0,0,0,0,0,0,0,0,0
-10,-4,1,1,0,0,0,0,0,0,300,300,0
15,-28,1,0,1,0,0,0,0,0,6000,6000,0
15,47,0,0,0,0,0,0,0,0,0,0,0
-14,-42,0,0,0,0,0,0,0,0,0,0,1
-10,-7,2,1,0,1,0,0,0,0,30300,30000,0
7,46,0,0,0,0,0,0,0,0,0,0,0
-23,-52,0,0,0,0,0,0,0,0,0,0,0
40,44,0,0,0,0,0,0,0,0,0,0,0
67,72,0,0,0,0,0,0,0,0,0,0,0
114,101,0,0,0,0,0,0,0,0,0,0,0
26,49,0,0,0,0,0,0,0,0,0,0,0
-31,-32,1,1,0,0,0,0,0,0,600,600,0
64,-17,1,0,1,0,0,0,0,0,4000,4000,0
6,-22,0,0,0,0,0,0,0,0,0,0,0
22,-4,0,0,0,0,0,0,0,0,0,0,0
-18,-33,0,0,0,0,0,0,0,0,0,0,0
88,14,0,0,0,0,0,0,0,0,0,0,0
89,27,0,0,0,0,0,0,0,0,0,0,1
275,258,1,0,0,1,0,0,0,0,80000,80000,0
29,66,0,0,0,0,0,0,0,0,0,0,0
153,140,1,1,0,0,0,0,0,0,300,300,0
67,83,0,0,0,0,0,0,0,0,0,0,0
-42,-23,0,0,0,0,0,0,0,0,0,0,0
61,17,1,1,0,0,0,0,0,0,300,300,0
-62,-49,1,1,0,0,0,0,0,0,500,500,0
-10,-12,0,0,0,0,0,0,0,0,0,0,0
60,38,0,0,0,0,0,0,0,0,0,0,0
19,31,0,0,0,0,0,0,0,0,0,0,0
-24,-2,1,0,1,0,0,0,0,0,5000,5000,0
-26,-12,0,0,0,0,0,0,0,0,0,0,0
-24,-21,0,0,0,0,0,0,0,0,0,0,0
65,38,0,0,0,0,0,0,0,0,0,0,0
25,27,0,0,0,0,0,0,0,0,0,0,0
63,74,0,0,0,0,0,0,0,0,0,0,0
16,75,0,0,0,0,0,0,0,0,0,0,0
-23,-7,0,0,0,0,0,0,0,0,0,0,0
-46,-42,0,0,0,0,0,0,0,0,0,0,0
-25,-10,0,0,0,0,0,0,0,0,0,0,0
-37,-9,0,0,0,0,0,0,0,0,0,0,0
157,40,0,0,0,0,0,0,0,0,0,0,0
23,3,0,0,0,0,0,0,0,0,0,0,0
91,151,1,1,0,0,0,0,0,0,300,300,0
-38,-31,0,0,0,0,0,0,0,0,0,0,0
-17,-6,0,0,0,0,0,0,0,0,0,0,0
12,-15,2,1,1,0,0,0,0,0,6900,6000,0
-37,6,0,0,0,0,0,0,0,0,0,0,0
-39,-30,0,0,0,0,0,0,0,0,0,0,0
150,61,0,0,0,0,0,0,0,0,0,0,0
115,88,1,1,0,0,0,0,0,0,200,200,0
-7,25,0,0,0,0,0,0,0,0,0,0,0
33,104,0,0,0,0,0,0,0,0,0,0,0
-28,-17,0,0,0,0,0,0,0,0,0,0,0
-32,0,0,0,0,0,0,0,0,0,0,0,0
-24,-26,1,1,0,0,0,0,0,0,300,300,0
-34,-34,0,0,0,0,0,0,0,0,0,0,0
3,53,0,0,0,0,0,0,0,0,0,0,0
95,43,0,0,0,0,0,0,0,0,0,0,0
-12,35,0,0,0,0,0,0,0,0,0,0,0
-6,18,0,0,0,0,0,0,0,0,0,0,0
-23,2,0,0,0,0,0,0,0,0,0,0,0
-9,6,0,0,0,0,0,0,0,0,0,0,0
-43,5,0,0,0,0,0,0,0,0,0,0,0
-33,-11,0,0,0,0,0,0,0,0,0,0,0
-33,-16,0,0,0,0,0,0,0,0,0,0,0
-40,-29,0,0,0,0,0,0,0,0,0,0,0
-36,-25,0,0,0,0,0,0,0,0,0,0,0
-29,-36,0,0,0,0,0,0,0,0,0,0,0
-19,-28,0,0,0,0,0,0,0,0,0,0,0
97,-38,0,0,0,0,0,0,0,0,0,0,0
-82,-28,0,0,0,0,0,0,0,0,0,0,0
-62,-47,0,0,0,0,0,0,0,0,0,0,0
-73,-77,0,0,0,0,0,0,0,0,0,0,0
-36,-70,0,0,0,0,0,0,0,0,0,0,0
-48,-20,0,0,0,0,0,0,0,0,0,0,0
-26,-65,0,0,0,0,0,0,0,0,0,0,0
-67,-79,0,0,0,0,0,0,0,0,0,0,0
-20,-40,0,0,0,0,0,0,0,0,0,0,0
-19,-16,0,0,0,0,0,0,0,0,0,0,0
66,98,0,0,0,0,0,0,0,0,0,0,0
18,-1,0,0,0,0,0,0,0,0,0,0,0
-30,-71,1,0,1,0,0,0,0,0,2000,2000,0
-10,-81,1,1,0,0,0,0,0,0,300,300,0
62,74,0,0,0,0,0,0,0,0,0,0,0
76,-49,0,0,0,0,0,0,0,0,0,0,0
50,-5,0,0,0,0,0,0,0,0,0,0,0
-74,-67,1,0,1,0,0,0,0,0,2000,2000,0
163,12,0,0,0,0,0,0,0,0,0,0,0
-35,-58,1,0,1,0,0,0,0,0,3000,3000,0
-39,-50,0,0,0,0,0,0,0,0,0,0,0
-64,-66,0,0,0,0,0,0,0,0,0,0,0
-28,-63,1,1,0,0,0,0,0,0,800,800,0
-63,-70,0,0,0,0,0,0,0,0,0,0,0
-69,-69,0,0,0,0,0,0,0,0,0,0,0
-33,-55,1,1,0,0,0,0,0,0,500,500,0
-2,-53,1,0,1,0,0,0,0,0,2000,2000,0
-22,-52,0,0,0,0,0,0,0,0,0,0,0
-27,-47,1,0,1,0,0,0,0,0,6000,6000,0
259,137,0,0,0,0,0,0,0,0,0,0,0
28,-24,0,0,0,0,0,0,0,0,0,0,0
-1,-43,0,0,0,0,0,0,0,0,0,0,0
-46,-56,0,0,0,0,0,0,0,0,0,0,0
101,21,0,0,0,0,0,0,0,0,0,0,0
-13,-43,0,0,0,0,0,0,0,0,0,0,0
81,-20,0,0,0,0,0,0,0,0,0,0,0
61,-38,0,0,0,0,0,0,0,0,0,0,0
-37,-19,0,0,0,0,0,0,0,0,0,0,0
-71,-64,0,0,0,0,0,0,0,0,0,0,0
58,56,0,0,0,0,0,0,0,0,0,0,0
82,157,0,0,0,0,0,0,0,0,0,0,0
12,-27,1,1,0,0,0,0,0,0,900,900,0
25,81,0,0,0,0,0,0,0,0,0,0,0
16,-45,0,0,0,0,0,0,0,0,0,0,0
37,50,0,0,0,0,0,0,0,0,0,0,0
194,111,0,0,0,0,0,0,0,0,0,0,0
237,166,1,0,1,0,0,0,0,0,7000,7000,0
0,81,0,0,0,0,0,0,0,0,0,0,0
-39,-47,1,1,0,0,0,0,0,0,700,700,0
-33,-39,0,0,0,0,0,0,0,0,0,0,0
73,89,0,0,0,0,0,0,0,0,0,0,0
9,44,0,0,0,0,0,0,0,0,0,0,0
20,-1,0,0,0,0,0,0,0,0,0,0,0
-6,56,0,0,0,0,0,0,0,0,0,0,0
-19,-24,0,0,0,0,0,0,0,0,0,0,0
50,35,0,0,0,0,0,0,0,0,0,0,0
60,69,0,0,0,0,0,0,0,0,0,0,0
38,35,0,0,0,0,0,0,0,0,0,0,0
2,15,0,0,0,0,0,0,0,0,0,0,0
13,-11,0,0,0,0,0,0,0,0,0,0,0
-32,-41,0,0,0,0,0,0,0,0,0,0,0
-51,-16,0,0,0,0,0,0,0,0,0,0,0
-42,-25,0,0,0,0,0,0,0,0,0,0,0
-34,-23,0,0,0,0,0,0,0,0,0,0,0
-16,0,0,0,0,0,0,0,0,0,0,0,0
23,23,0,0,0,0,0,0,0,0,0,0,0
197,110,1,0,1,0,0,0,0,0,2000,2000,0
177,151,1,0,1,0,0,0,0,0,8000,8000,0
82,65,0,0,0,0,0,0,0,0,0,0,0
36,53,0,0,0,0,0,0,0,0,0,0,0
21,-22,0,0,0,0,0,0,0,0,0,0,0
-22,-20,0,0,0,0,0,0,0,0,0,0,0
104,75,0,0,0,0,0,0,0,0,0,0,0
100,83,0,0,0,0,0,0,0,0,0,0,0
92,87,0,0,0,0,0,0,0,0,0,0,0
18,-19,1,0,1,0,0,0,0,0,3000,3000,0
125,103,1,1,0,0,0,0,0,0,300,300,0
196,147,0,0,0,0,0,0,0,0,0,0,0
114,96,0,0,0,0,0,0,0,0,0,0,0
39,14,1,0,1,0,0,0,0,0,4000,4000,0
-3,-21,0,0,0,0,0,0,0,0,0,0,0
-25,-3,0,0,0,0,0,0,0,0,0,0,0
-39,2,0,0,0,0,0,0,0,0,0,0,0
283,53,0,0,0,0,0,0,0,0,0,0,0
353,506,0,0,0,0,0,0,0,0,0,0,0
54,249,0,0,0,0,0,0,0,0,0,0,0
8,-24,1,0,1,0,0,0,0,0,3000,3000,0
-26,-36,0,0,0,0,0,0,0,0,0,0,0
83,60,2,2,0,0,0,0,0,0,1400,800,0
85,41,0,0,0,0,0,0,0,0,0,0,0
2,-11,0,0,0,0,0,0,0,0,0,0,0
-7,-2,0,0,0,0,0,0,0,0,0,0,0
63,44,0,0,0,0,0,0,0,0,0,0,0
40,28,1,1,0,0,0,0,0,0,200,200,0
109,92,2,1,1,0,0,0,0,0,9500,9000,0
53,61,0,0,0,0,0,0,0,0,0,0,0
62,12,2,1,1,0,0,0,0,0,9500,9000,0
-13,16,0,0,0,0,0,0,0,0,0,0,0
-31,-19,0,0,0,0,0,0,0,0,0,0,0
179,233,0,0,0,0,0,0,0,0,0,0,0
-37,2,0,0,0,0,0,0,0,0,0,0,0
164,143,0,0,0,0,0,0,0,0,0,0,0
191,166,0,0,0,0,0,0,0,0,0,0,0
101,70,0,0,0,0,0,0,0,0,0,0,0
-5,22,0,0,0,0,0,0,0,0,0,0,0
244,153,0,0,0,0,0,0,0,0,0,0,0
-27,21,0,0,0,0,0,0,0,0,0,0,0
56,42,0,0,0,0,0,0,0,0,0,0,0
-8,-18,0,0,0,0,0,0,0,0,0,0,0
169,251,0,0,0,0,0,0,0,0,0,0,0
270,278,0,0,0,0,0,0,0,0,0,0,0
-2,-21,0,0,0,0,0,0,0,0,0,0,0
97,77,1,1,0,0,0,0,0,0,700,700,0
93,128,0,0,0,0,0,0,0,0,0,0,0
32,60,2,2,0,0,0,0,0,0,400,300,0
295,313,0,0,0,0,0,0,0,0,0,0,1
-1,6,1,0,0,1,0,0,0,0,30000,30000,0
-22,11,0,0,0,0,0,0,0,0,0,0,0
3,17,0,0,0,0,0,0,0,0,0,0,0
9,29,0,0,0,0,0,0,0,0,0,0,0
19,55,1,0,1,0,0,0,0,0,2000,2000,0
32,63,0,0,0,0,0,0,0,0,0,0,0
1,13,0,0,0,0,0,0,0,0,0,0,0
-3,6,0,0,0,0,0,0,0,0,0,0,0
-1,24,0,0,0,0,0,0,0,0,0,0,0
39,24,0,0,0,0,0,0,0,0,0,0,0
77,47,0,0,0,0,0,0,0,0,0,0,0
35,28,0,0,0,0,0,0,0,0,0,0,0
121,37,0,0,0,0,0,0,0,0,0,0,1
39,48,1,0,0,1,0,0,0,0,10000,10000,0
-17,29,0,0,0,0,0,0,0,0,0,0,0
27,40,0,0,0,0,0,0,0,0,0,0,0
4,23,0,0,0,0,0,0,0,0,0,0,0
-51,4,0,0,0,0,0,0,0,0,0,0,0
182,227,0,0,0,0,0,0,0,0,0,0,0
191,181,0,0,0,0,0,0,0,0,0,0,0
5,-8,1,1,0,0,0,0,0,0,600,600,0
33,10,0,0,0,0,0,0,0,0,0,0,0
-18,-15,0,0,0,0,0,0,0,0,0,0,0
-14,9,0,0,0,0,0,0,0,0,0,0,0
81,52,0,0,0,0,0,0,0,0,0,0,0
146,87,0,0,0,0,0,0,0,0,0,0,0
74,39,0,0,0,0,0,0,0,0,0,0,0
-6,8,0,0,0,0,0,0,0,0,0,0,0
-9,-5,0,0,0,0,0,0,0,0,0,0,0
-45,-14,0,0,0,0,0,0,0,0,0,0,0
-21,-2,0,0,0,0,0,0,0,0,0,0,0
26,9,0,0,0,0,0,0,0,0,0,0,0
112,70,3,2,1,0,0,0,0,0,5300,4000,0
62,39,1,1,0,0,0,0,0,0,400,400,0
-41,7,0,0,0,0,0,0,0,0,0,0,0
-27,-18,0,0,0,0,0,0,0,0,0,0,0
-36,-29,0,0,0,0,0,0,0,0,0,0,0
-24,44,0,0,0,0,0,0,0,0,0,0,0
-7,9,0,0,0,0,0,0,0,0,0,0,0
134,88,0,0,0,0,0,0,0,0,0,0,0
103,95,1,1,0,0,0,0,0,0,800,800,0
-9,23,1,1,0,0,0,0,0,0,300,300,0
37,51,1,1,0,0,0,0,0,0,200,200,0
31,32,1,1,0,0,0,0,0,0,200,200,0
-36,5,0,0,0,0,0,0,0,0,0,0,0
1,12,0,0,0,0,0,0,0,0,0,0,0
16,-9,0,0,0,0,0,0,0,0,0,0,0
-17,-7,0,0,0,0,0,0,0,0,0,0,0
22,-38,1,1,0,0,0,0,0,0,400,400,0
-2,-11,0,0,0,0,0,0,0,0,0,0,0
-40,-16,1,1,0,0,0,0,0,0,300,300,0
-28,-29,0,0,0,0,0,0,0,0,0,0,0
5,-42,0,0,0,0,0,0,0,0,0,0,0
-21,27,0,0,0,0,0,0,0,0,0,0,0
17,9,1,1,0,0,0,0,0,0,500,500,0
-52,-44,0,0,0,0,0,0,0,0,0,0,0
-58,-54,0,0,0,0,0,0,0,0,0,0,0
22,-38,0,0,0,0,0,0,0,0,0,0,0
6,-20,0,0,0,0,0,0,0,0,0,0,0
-7,-41,0,0,0,0,0,0,0,0,0,0,0
-17,-39,0,0,0,0,0,0,0,0,0,0,0
0,-49,0,0,0,0,0,0,0,0,0,0,0
-49,-56,0,0,0,0,0,0,0,0,0,0,0
22,-51,2,1,1,0,0,0,0,0,2600,2000,0
-49,-50,0,0,0,0,0,0,0,0,0,0,0
-30,-48,0,0,0,0,0,0,0,0,0,0,0
-78,-58,0,0,0,0,0,0,0,0,0,0,0
-40,-59,0,0,0,0,0,0,0,0,0,0,0
-79,-67,0,0,0,0,0,0,0,0,0,0,0
-62,-60,0,0,0,0,0,0,0,0,0,0,0
-59,-60,0,0,0,0,0,0,0,0,0,0,0
-53,-30,0,0,0,0,0,0,0,0,0,0,0
-48,-31,0,0,0,0,0,0,0,0,0,0,0
58,-16,1,1,0,0,0,0,0,0,200,200,0
8,16,1,0,1,0,0,0,0,0,8000,8000,0
-3,0,0,0,0,0,0,0,0,0,0,0,0
-37,-1,0,0,0,0,0,0,0,0,0,0,0
37,3,0,0,0,0,0,0,0,0,0,0,0
-4,-10,0,0,0,0,0,0,0,0,0,0,0
15,3,0,0,0,0,0,0,0,0,0,0,0
75,43,0,0,0,0,0,0,0,0,0,0,0
5,-13,0,0,0,0,0,0,0,0,0,0,0
-26,-32,0,0,0,0,0,0,0,0,0,0,0
75,47,0,0,0,0,0,0,0,0,0,0,0
62,30,0,0,0,0,0,0,0,0,0,0,0
34,13,0,0,0,0,0,0,0,0,0,0,0
-48,-56,0,0,0,0,0,0,0,0,0,0,0
-24,-44,0,0,0,0,0,0,0,0,0,0,0
187,116,0,0,0,0,0,0,0,0,0,0,0
-66,-20,0,0,0,0,0,0,0,0,0,0,0
-49,-64,1,1,0,0,0,0,0,0,300,300,0
-65,-54,0,0,0,0,0,0,0,0,0,0,0
-78,-64,0,0,0,0,0,0,0,0,0,0,0
83,22,1,1,0,0,0,0,0,0,900,900,0
79,35,1,1,0,0,0,0,0,0,400,400,0
-13,-28,0,0,0,0,0,0,0,0,0,0,0
1,28,0,0,0,0,0,0,0,0,0,0,0
-43,-28,0,0,0,0,0,0,0,0,0,0,0
-2,-30,1,1,0,0,0,0,0,0,700,700,0
51,22,0,0,0,0,0,0,0,0,0,0,0
54,13,0,0,0,0,0,0,0,0,0,0,0
82,13,0,0,0,0,0,0,0,0,0,0,0
73,49,1,0,1,0,0,0,0,0,4000,4000,0
-21,6,0,0,0,0,0,0,0,0,0,0,0
-2,-4,1,1,0,0,0,0,0,0,400,400,0
-2,15,0,0,0,0,0,0,0,0,0,0,0
-35,16,0,0,0,0,0,0,0,0,0,0,0
47,38,0,0,0,0,0,0,0,0,0,0,0
37,36,0,0,0,0,0,0,0,0,0,0,0
-40,-1,0,0,0,0,0,0,0,0,0,0,0
63,14,0,0,0,0,0,0,0,0,0,0,0
153,130,1,0,1,0,0,0,0,0,3000,3000,0
123,121,1,1,0,0,0,0,0,0,700,700,0
4,-3,0,0,0,0,0,0,0,0,0,0,1
-4,-17,1,0,0,1,0,0,0,0,20000,20000,0
-40,-21,0,0,0,0,0,0,0,0,0,0,0
-41,-39,0,0,0,0,0,0,0,0,0,0,0
-52,-37,0,0,0,0,0,0,0,0,0,0,0
-48,-44,0,0,0,0,0,0,0,0,0,0,0
283,120,0,0,0,0,0,0,0,0,0,0,0
-20,-21,0,0,0,0,0,0,0,0,0,0,0
180,131,0,0,0,0,0,0,0,0,0,0,1
-12,12,1,0,0,1,0,0,0,0,30000,30000,0
85,37,0,0,0,0,0,0,0,0,0,0,0
150,81,0,0,0,0,0,0,0,0,0,0,0
121,80,0,0,0,0,0,0,0,0,0,0,0
119,106,0,0,0,0,0,0,0,0,0,0,1
99,160,1,0,0,1,0,0,0,0,60000,60000,0
44,85,0,0,0,0,0,0,0,0,0,0,0
72,62,0,0,0,0,0,0,0,0,0,0,0
22,74,0,0,0,0,0,0,0,0,0,0,0
110,91,0,0,0,0,0,0,0,0,0,0,0
198,102,1,1,0,0,0,0,0,0,900,900,0
69,89,1,1,0,0,0,0,0,0,400,400,0
-15,33,0,0,0,0,0,0,0,0,0,0,0
23,17,0,0,0,0,0,0,0,0,0,0,0
76,54,1,0,1,0,0,0,0,0,1000,1000,0
-8,36,0,0,0,0,0,0,0,0,0,0,0
0,4,2,0,2,0,0,0,0,0,8000,6000,0
-15,-12,0,0,0,0,0,0,0,0,0,0,0
-16,-26,0,0,0,0,0,0,0,0,0,0,0
19,-12,0,0,0,0,0,0,0,0,0,0,0
338,99,1,1,0,0,0,0,0,0,700,700,0
214,145,0,0,0,0,0,0,0,0,0,0,0
95,94,0,0,0,0,0,0,0,0,0,0,0
70,43,0,0,0,0,0,0,0,0,0,0,0
152,70,1,1,0,0,0,0,0,0,400,400,0
105,80,0,0,0,0,0,0,0,0,0,0,0
159,79,0,0,0,0,0,0,0,0,0,0,1
146,153,1,0,0,1,0,0,0,0,40000,40000,0
47,29,0,0,0,0,0,0,0,0,0,0,0
56,34,0,0,0,0,0,0,0,0,0,0,0
168,84,1,0,1,0,0,0,0,0,1000,1000,0
167,109,1,1,0,0,0,0,0,0,500,500,0
97,90,1,1,0,0,0,0,0,0,300,300,0
233,115,0,0,0,0,0,0,0,0,0,0,0
267,181,2,0,2,0,0,0,0,0,3000,2000,0
177,164,0,0,0,0,0,0,0,0,0,0,0
338,147,0,0,0,0,0,0,0,0,0,0,0
274,227,1,0,1,0,0,0,0,0,3000,3000,0
300,255,0,0,0,0,0,0,0,0,0,0,0
120,162,2,2,0,0,0,0,0,0,1100,600,0
235,235,0,0,0,0,0,0,0,0,0,0,0
25,65,0,0,0,0,0,0,0,0,0,0,0
32,44,1,1,0,0,0,0,0,0,600,600,0
27,48,0,0,0,0,0,0,0,0,0,0,0
178,94,0,0,0,0,0,0,0,0,0,0,0
315,245,1,0,1,0,0,0,0,0,1000,1000,0
163,163,0,0,0,0,0,0,0,0,0,0,0
10,82,0,0,0,0,0,0,0,0,0,0,0
44,57,1,1,0,0,0,0,0,0,400,400,0
82,90,2,2,0,0,0,0,0,0,1200,700,0
125,172,2,2,0,0,0,0,0,0,1100,600,0
161,113,1,1,0,0,0,0,0,0,300,300,0
37,112,1,1,0,0,0,0,0,0,300,300,0
176,104,0,0,0,0,0,0,0,0,0,0,1
308,243,2,0,1,1,0,0,0,0,32000,30000,0
267,255,0,0,0,0,0,0,0,0,0,0,0
169,204,0,0,0,0,0,0,0,0,0,0,0
88,116,0,0,0,0,0,0,0,0,0,0,1
116,117,1,0,0,1,0,0,0,0,80000,80000,0
158,115,1,0,1,0,0,0,0,0,1000,1000,0
84,92,1,1,0,0,0,0,0,0,500,500,0
188,179,1,0,1,0,0,0,0,0,7000,7000,0
70,144,0,0,0,0,0,0,0,0,0,0,0
252,295,0,0,0,0,0,0,0,0,0,0,0
134,182,2,1,1,0,0,0,0,0,4200,4000,0
-16,9,0,0,0,0,0,0,0,0,0,0,0
62,71,0,0,0,0,0,0,0,0,0,0,0
5,14,0,0,0,0,0,0,0,0,0,0,0
-23,10,1,1,0,0,0,0,0,0,300,300,0
-32,6,1,1,0,0,0,0,0,0,400,400,0
-38,0,0,0,0,0,0,0,0,0,0,0,0
-40,-25,0,0,0,0,0,0,0,0,0,0,0
-71,-47,0,0,0,0,0,0,0,0,0,0,0
-37,-36,0,0,0,0,0,0,0,0,0,0,1
124,60,1,0,0,1,0,0,0,0,10000,10000,0
55,34,0,0,0,0,0,0,0,0,0,0,0
-7,23,1,0,1,0,0,0,0,0,5000,5000,0
-7,-9,1,0,1,0,0,0,0,0,2000,2000,0
-13,3,0,0,0,0,0,0,0,0,0,0,0
176,182,0,0,0,0,0,0,0,0,0,0,0
115,96,0,0,0,0,0,0,0,0,0,0,0
-47,-36,0,0,0,0,0,0,0,0,0,0,0
-31,-26,0,0,0,0,0,0,0,0,0,0,0
-37,-19,0,0,0,0,0,0,0,0,0,0,0
104,16,2,1,1,0,0,0,0,0,3700,3000,0
42,45,0,0,0,0,0,0,0,0,0,0,0
88,121,0,0,0,0,0,0,0,0,0,0,0
287,195,0,0,0,0,0,0,0,0,0,0,0
112,122,0,0,0,0,0,0,0,0,0,0,0
136,209,0,0,0,0,0,0,0,0,0,0,0
89,136,0,0,0,0,0,0,0,0,0,0,0
130,56,0,0,0,0,0,0,0,0,0,0,0
79,92,0,0,0,0,0,0,0,0,0,0,0
22,82,0,0,0,0,0,0,0,0,0,0,0
34,39,0,0,0,0,0,0,0,0,0,0,0
34,4,1,1,0,0,0,0,0,0,700,700,0
19,22,0,0,0,0,0,0,0,0,0,0,0
5,14,0,0,0,0,0,0,0,0,0,0,0
0,3,0,0,0,0,0,0,0,0,0,0,0
-33,4,0,0,0,0,0,0,0,0,0,0,0
49,29,0,0,0,0,0,0,0,0,0,0,0
30,49,1,1,0,0,0,0,0,0,500,500,0
-13,3,0,0,0,0,0,0,0,0,0,0,0
262,-65,0,0,0,0,0,0,0,0,0,0,0
-43,-13,0,0,0,0,0,0,0,0,0,0,0
-61,-24,0,0,0,0,0,0,0,0,0,0,0
-23,-28,0,0,0,0,0,0,0,0,0,0,0
-41,-38,0,0,0,0,0,0,0,0,0,0,0
279,91,0,0,0,0,0,0,0,0,0,0,0
-11,-26,0,0,0,0,0,0,0,0,0,0,0
-29,-14,0,0,0,0,0,0,0,0,0,0,0
-26,-42,0,0,0,0,0,0,0,0,0,0,0
-28,-32,0,0,0,0,0,0,0,0,0,0,0
-18,-28,1,1,0,0,0,0,0,0,200,200,0
-23,-27,0,0,0,0,0,0,0,0,0,0,0
-23,-32,0,0,0,0,0,0,0,0,0,0,0
-20,-40,1,0,1,0,0,0,0,0,1000,1000,1
161,117,5,2,1,2,0,0,0,0,116500,90000,0
158,140,1,1,0,0,0,0,0,0,600,600,0
25,52,0,0,0,0,0,0,0,0,0,0,0
3,18,1,1,0,0,0,0,0,0,700,700,0
-25,11,0,0,0,0,0,0,0,0,0,0,0
59,39,1,1,0,0,0,0,0,0,500,500,0
190,106,2,1,1,0,0,0,0,0,9500,9000,0
59,48,2,2,0,0,0,0,0,0,900,600,0
146,311,0,0,0,0,0,0,0,0,0,0,0
-43,-24,1,1,0,0,0,0,0,0,200,200,0
-1,-3,1,1,0,0,0,0,0,0,600,600,0
135,86,2,0,2,0,0,0,0,0,4000,3000,0
48,36,0,0,0,0,0,0,0,0,0,0,0
-17,-9,0,0,0,0,0,0,0,0,0,0,0
-57,-38,0,0,0,0,0,0,0,0,0,0,0
-9,-24,0,0,0,0,0,0,0,0,0,0,0
72,53,2,0,2,0,0,0,0,0,6000,5000,0
-21,1,1,0,1,0,0,0,0,0,1000,1000,0
-59,-49,1,1,0,0,0,0,0,0,100,100,0
-43,-57,1,0,1,0,0,0,0,0,3000,3000,0
-64,-53,0,0,0,0,0,0,0,0,0,0,0
-28,-32,0,0,0,0,0,0,0,0,0,0,0
35,9,1,0,1,0,0,0,0,0,4000,4000,1
24,48,1,0,0,1,0,0,0,0,80000,80000,0
-31,-9,0,0,0,0,0,0,0,0,0,0,0
-55,-22,0,0,0,0,0,0,0,0,0,0,0
60,88,0,0,0,0,0,0,0,0,0,0,0
59,83,0,0,0,0,0,0,0,0,0,0,0
-2,51,0,0,0,0,0,0,0,0,0,0,0
29,26,0,0,0,0,0,0,0,0,0,0,0
-4,22,0,0,0,0,0,0,0,0,0,0,0
112,117,1,0,1,0,0,0,0,0,4000,4000,0
3,44,0,0,0,0,0,0,0,0,0,0,0
-64,-56,0,0,0,0,0,0,0,0,0,0,0
357,189,0,0,0,0,0,0,0,0,0,0,0
105,132,0,0,0,0,0,0,0,0,0,0,0
74,86,0,0,0,0,0,0,0,0,0,0,0
-16,-36,0,0,0,0,0,0,0,0,0,0,0
54,-6,2,1,1,0,0,0,0,0,3100,3000,0
-18,-20,0,0,0,0,0,0,0,0,0,0,0
30,-12,0,0,0,0,0,0,0,0,0,0,0
626,18,0,0,0,0,0,0,0,0,0,0,0
681,57,3,3,0,0,0,0,0,0,1300,600,0
-38,-30,0,0,0,0,0,0,0,0,0,0,0
-56,-43,1,0,1,0,0,0,0,0,7000,7000,0
-42,-43,0,0,0,0,0,0,0,0,0,0,0
40,-11,0,0,0,0,0,0,0,0,0,0,0
284,278,0,0,0,0,0,0,0,0,0,0,0
-51,-25,1,1,0,0,0,0,0,0,200,200,0
73,23,2,0,2,0,0,0,0,0,4000,2000,0
175,74,0,0,0,0,0,0,0,0,0,0,0
-29,-41,0,0,0,0,0,0,0,0,0,0,0
-44,-38,0,0,0,0,0,0,0,0,0,0,0
41,-3,0,0,0,0,0,0,0,0,0,0,0
24,5,0,0,0,0,0,0,0,0,0,0,0
-2,-14,1,0,1,0,0,0,0,0,4000,4000,0
16,-11,0,0,0,0,0,0,0,0,0,0,1
64,23,1,0,0,1,0,0,0,0,10000,10000,0
37,37,0,0,0,0,0,0,0,0,0,0,0
13,57,0,0,0,0,0,0,0,0,0,0,0
94,57,4,3,1,0,0,0,0,0,4200,3000,1
102,76,2,0,1,1,0,0,0,0,12000,10000,0
8,19,0,0,0,0,0,0,0,0,0,0,0
22,25,0,0,0,0,0,0,0,0,0,0,0
-64,-39,0,0,0,0,0,0,0,0,0,0,0
-63,-38,0,0,0,0,0,0,0,0,0,0,0
-60,-47,0,0,0,0,0,0,0,0,0,0,0
253,52,0,0,0,0,0,0,0,0,0,0,0
-5,64,0,0,0,0,0,0,0,0,0,0,0
-42,-42,0,0,0,0,0,0,0,0,0,0,0
17,-3,1,0,1,0,0,0,0,0,1000,1000,0
107,64,1,0,1,0,0,0,0,0,7000,7000,0
-11,3,0,0,0,0,0,0,0,0,0,0,0
-32,-5,0,0,0,0,0,0,0,0,0,0,0
6,8,2,2,0,0,0,0,0,0,600,500,1
43,49,2,1,0,1,0,0,0,0,10200,10000,0
-18,26,0,0,0,0,0,0,0,0,0,0,0
-32,-8,0,0,0,0,0,0,0,0,0,0,0
29,28,0,0,0,0,0,0,0,0,0,0,1
1245,838,2,0,1,0,1,0,0,0,208000,200000,0
445,450,0,0,0,0,0,0,0,0,0,0,0
199,207,1,0,1,0,0,0,0,0,2000,2000,0
-20,-24,0,0,0,0,0,0,0,0,0,0,0
9,3,0,0,0,0,0,0,0,0,0,0,0
-6,20,1,1,0,0,0,0,0,0,400,400,0
20,-10,0,0,0,0,0,0,0,0,0,0,0
52,8,0,0,0,0,0,0,0,0,0,0,0
11,0,0,0,0,0,0,0,0,0,0,0,0
8,17,0,0,0,0,0,0,0,0,0,0,1
224,153,2,1,0,1,0,0,0,0,60500,60000,0
-45,-28,0,0,0,0,0,0,0,0,0,0,1
-25,-33,1,0,0,1,0,0,0,0,10000,10000,0
-59,-48,0,0,0,0,0,0,0,0,0,0,0
-47,-44,2,1,1,0,0,0,0,0,2500,2000,0
7,-35,0,0,0,0,0,0,0,0,0,0,0
4,-14,0,0,0,0,0,0,0,0,0,0,0
-41,-36,0,0,0,0,0,0,0,0,0,0,0
-38,-31,0,0,0,0,0,0,0,0,0,0,0
13,-32,1,1,0,0,0,0,0,0,300,300,0
12,9,1,0,1,0,0,0,0,0,3000,3000,0
-19,-27,0,0,0,0,0,0,0,0,0,0,0
-38,-40,0,0,0,0,0,0,0,0,0,0,0
96,13,2,0,2,0,0,0,0,0,5000,3000,0
-16,-13,0,0,0,0,0,0,0,0,0,0,0
-32,-31,1,0,1,0,0,0,0,0,1000,1000,0
-30,-30,0,0,0,0,0,0,0,0,0,0,0
-8,0,1,1,0,0,0,0,0,0,600,600,0
131,149,0,0,0,0,0,0,0,0,0,0,0
179,118,0,0,0,0,0,0,0,0,0,0,0
8,22,1,0,1,0,0,0,0,0,3000,3000,0
-59,-61,0,0,0,0,0,0,0,0,0,0,0
73,1,2,1,1,0,0,0,0,0,3900,3000,1
73,119,1,0,0,1,0,0,0,0,30000,30000,0
57,148,0,0,0,0,0,0,0,0,0,0,0
32,90,0,0,0,0,0,0,0,0,0,0,0
90,64,1,0,1,0,0,0,0,0,4000,4000,0
52,27,0,0,0,0,0,0,0,0,0,0,0
0,6,0,0,0,0,0,0,0,0,0,0,0
-66,-55,0,0,0,0,0,0,0,0,0,0,0
-40,-55,1,0,1,0,0,0,0,0,8000,8000,1
72,48,1,0,0,1,0,0,0,0,40000,40000,0
-17,30,0,0,0,0,0,0,0,0,0,0,0
-18,-17,0,0,0,0,0,0,0,0,0,0,0
89,89,0,0,0,0,0,0,0,0,0,0,0
58,61,0,0,0,0,0,0,0,0,0,0,0
-37,-26,0,0,0,0,0,0,0,0,0,0,1
-7,-13,1,0,0,1,0,0,0,0,10000,10000,0
-20,20,0,0,0,0,0,0,0,0,0,0,1
126,158,1,0,0,0,1,0,0,0,300000,300000,0
122,137,1,1,0,0,0,0,0,0,200,200,0
33,104,0,0,0,0,0,0,0,0,0,0,0
63,112,0,0,0,0,0,0,0,0,0,0,0
-5,-28,1,1,0,0,0,0,0,0,400,400,0
45,19,0,0,0,0,0,0,0,0,0,0,0
1,10,1,1,0,0,0,0,0,0,600,600,0
-30,-14,0,0,0,0,0,0,0,0,0,0,0
33,35,1,0,1,0,0,0,0,0,6000,6000,0
99,123,0,0,0,0,0,0,0,0,0,0,0
-4,47,0,0,0,0,0,0,0,0,0,0,0
10,69,0,0,0,0,0,0,0,0,0,0,0
4,21,0,0,0,0,0,0,0,0,0,0,0
50,32,1,1,0,0,0,0,0,0,400,400,0
-44,-1,0,0,0,0,0,0,0,0,0,0,0
-25,47,1,1,0,0,0,0,0,0,300,300,0
3,16,0,0,0,0,0,0,0,0,0,0,0
-12,4,0,0,0,0,0,0,0,0,0,0,0
-47,-21,0,0,0,0,0,0,0,0,0,0,0
-36,-7,0,0,0,0,0,0,0,0,0,0,0
12,-5,0,0,0,0,0,0,0,0,0,0,0
-20,0,0,0,0,0,0,0,0,0,0,0,1
-14,-8,1,0,0,1,0,0,0,0,80000,80000,0
-68,-30,0,0,0,0,0,0,0,0,0,0,0
-43,-10,0,0,0,0,0,0,0,0,0,0,0
13,-22,0,0,0,0,0,0,0,0,0,0,0
-49,-57,0,0,0,0,0,0,0,0,0,0,0
-38,-8,0,0,0,0,0,0,0,0,0,0,0
210,83,0,0,0,0,0,0,0,0,0,0,0
-15,-24,0,0,0,0,0,0,0,0,0,0,0
-51,-31,0,0,0,0,0,0,0,0,0,0,0
191,309,0,0,0,0,0,0,0,0,0,0,0
-15,-71,1,0,1,0,0,0,0,0,7000,7000,0
-69,-69,0,0,0,0,0,0,0,0,0,0,0
-72,-68,0,0,0,0,0,0,0,0,0,0,0
-65,-72,0,0,0,0,0,0,0,0,0,0,0
-38,-71,0,0,0,0,0,0,0,0,0,0,0
-69,-68,0,0,0,0,0,0,0,0,0,0,0
-14,-50,0,0,0,0,0,0,0,0,0,0,0
-10,-60,0,0,0,0,0,0,0,0,0,0,0
-7,-45,0,0,0,0,0,0,0,0,0,0,0
155,17,1,1,0,0,0,0,0,0,900,900,0
14,5,1,1,0,0,0,0,0,0,400,400,0
25,38,0,0,0,0,0,0,0,0,0,0,0
-8,-47,0,0,0,0,0,0,0,0,0,0,0
113,-20,3,3,0,0,0,0,0,0,1300,800,1
53,-22,1,0,0,1,0,0,0,0,20000,20000,0
80,45,1,0,1,0,0,0,0,0,4000,4000,0
-38,2,0,0,0,0,0,0,0,0,0,0,0
-57,-26,0,0,0,0,0,0,0,0,0,0,0
-9,6,1,0,1,0,0,0,0,0,7000,7000,0
27,42,0,0,0,0,0,0,0,0,0,0,0
149,122,0,0,0,0,0,0,0,0,0,0,0
20,21,0,0,0,0,0,0,0,0,0,0,0
-50,-8,1,0,1,0,0,0,0,0,1000,1000,0
87,16,0,0,0,0,0,0,0,0,0,0,0
161,37,2,0,2,0,0,0,0,0,10000,6000,0
304,384,0,0,0,0,0,0,0,0,0,0,0
329,334,0,0,0,0,0,0,0,0,0,0,0
110,13,1,0,1,0,0,0,0,0,8000,8000,0
-37,-54,0,0,0,0,0,0,0,0,0,0,0
-38,-16,0,0,0,0,0,0,0,0,0,0,0
128,71,1,1,0,0,0,0,0,0,600,600,0
36,10,0,0,0,0,0,0,0,0,0,0,0
58,54,0,0,0,0,0,0,0,0,0,0,0
-1,23,1,0,1,0,0,0,0,0,2000,2000,0
-21,0,1,1,0,0,0,0,0,0,500,500,0
100,65,2,2,0,0,0,0,0,0,600,300,0
61,33,0,0,0,0,0,0,0,0,0,0,0
-15,-3,0,0,0,0,0,0,0,0,0,0,0
117,76,1,0,1,0,0,0,0,0,8000,8000,0
14,16,0,0,0,0,0,0,0,0,0,0,0
-13,-42,1,0,1,0,0,0,0,0,1000,1000,0
16,6,0,0,0,0,0,0,0,0,0,0,0
144,72,2,2,0,0,0,0,0,0,1200,800,0
43,57,1,1,0,0,0,0,0,0,400,400,0
99,52,1,0,1,0,0,0,0,0,3000,3000,0
142,73,0,0,0,0,0,0,0,0,0,0,0
50,26,1,1,0,0,0,0,0,0,300,300,0
19,23,1,1,0,0,0,0,0,0,500,500,0
180,226,0,0,0,0,0,0,0,0,0,0,0
668,323,0,0,0,0,0,0,0,0,0,0,0
83,74,0,0,0,0,0,0,0,0,0,0,0
176,90,1,0,1,0,0,0,0,0,5000,5000,0
-40,-27,0,0,0,0,0,0,0,0,0,0,0
124,7,2,1,1,0,0,0,0,0,6300,6000,1
95,27,1,0,0,1,0,0,0,0,10000,10000,0
12,-4,0,0,0,0,0,0,0,0,0,0,0
107,-1,3,2,1,0,0,0,0,0,4900,4000,0
51,-2,0,0,0,0,0,0,0,0,0,0,0
17,75,0,0,0,0,0,0,0,0,0,0,0
23,-20,0,0,0,0,0,0,0,0,0,0,0
28,-6,0,0,0,0,0,0,0,0,0,0,0
-18,2,0,0,0,0,0,0,0,0,0,0,0
-19,-28,1,1,0,0,0,0,0,0,500,500,0
112,52,0,0,0,0,0,0,0,0,0,0,1
139,135,2,1,0,1,0,0,0,0,80200,80000,0
27,11,0,0,0,0,0,0,0,0,0,0,0
-26,-14,0,0,0,0,0,0,0,0,0,0,1
15,8,1,0,0,1,0,0,0,0,10000,10000,0
80,47,0,0,0,0,0,0,0,0,0,0,0
6,-6,1,1,0,0,0,0,0,0,100,100,0
-19,-32,0,0,0,0,0,0,0,0,0,0,0
105,6,1,0,1,0,0,0,0,0,6000,6000,0
327,79,0,0,0,0,0,0,0,0,0,0,0
154,21,2,2,0,0,0,0,0,0,700,500,0
23,-1,0,0,0,0,0,0,0,0,0,0,0
26,-15,0,0,0,0,0,0,0,0,0,0,0
2,-29,0,0,0,0,0,0,0,0,0,0,0
-27,-38,0,0,0,0,0,0,0,0,0,0,0
9,-46,0,0,0,0,0,0,0,0,0,0,0
-34,-46,0,0,0,0,0,0,0,0,0,0,0
-17,-55,0,0,0,0,0,0,0,0,0,0,0
-61,-54,0,0,0,0,0,0,0,0,0,0,0
-28,-54,0,0,0,0,0,0,0,0,0,0,0
-35,-58,0,0,0,0,0,0,0,0,0,0,0
-3,-60,0,0,0,0,0,0,0,0,0,0,0
-35,-55,0,0,0,0,0,0,0,0,0,0,0
-19,-69,0,0,0,0,0,0,0,0,0,0,0
-71,-61,0,0,0,0,0,0,0,0,0,0,0
-55,-65,0,0,0,0,0,0,0,0,0,0,0
-70,-66,0,0,0,0,0,0,0,0,0,0,0
21,-60,1,1,0,0,0,0,0,0,800,800,0
-43,-64,0,0,0,0,0,0,0,0,0,0,0
97,88,0,0,0,0,0,0,0,0,0,0,0
4,-51,0,0,0,0,0,0,0,0,0,0,0
193,30,0,0,0,0,0,0,0,0,0,0,0
-76,-69,0,0,0,0,0,0,0,0,0,0,0
-12,-74,1,0,1,0,0,0,0,0,4000,4000,0
-54,-72,0,0,0,0,0,0,0,0,0,0,0
-57,-72,0,0,0,0,0,0,0,0,0,0,0
-26,-69,0,0,0,0,0,0,0,0,0,0,0
-55,-61,0,0,0,0,0,0,0,0,0,0,0
-25,-51,0,0,0,0,0,0,0,0,0,0,0
-32,-49,0,0,0,0,0,0,0,0,0,0,0
-11,-31,0,0,0,0,0,0,0,0,0,0,0
118,7,0,0,0,0,0,0,0,0,0,0,0
-20,-31,0,0,0,0,0,0,0,0,0,0,0
-43,-41,0,0,0,0,0,0,0,0,0,0,0
-44,-50,1,1,0,0,0,0,0,0,400,400,0
134,5,3,0,3,0,0,0,0,0,13000,8000,0
150,35,2,1,1,0,0,0,0,0,1500,1000,0
-13,-34,0,0,0,0,0,0,0,0,0,0,0
1,-18,0,0,0,0,0,0,0,0,0,0,0
-4,-21,0,0,0,0,0,0,0,0,0,0,0
103,7,1,0,1,0,0,0,0,0,1000,1000,0
14,-13,0,0,0,0,0,0,0,0,0,0,0
102,19,1,1,0,0,0,0,0,0,400,400,0
43,7,0,0,0,0,0,0,0,0,0,0,0
197,84,0,0,0,0,0,0,0,0,0,0,0
24,5,0,0,0,0,0,0,0,0,0,0,0
177,77,0,0,0,0,0,0,0,0,0,0,0
221,108,0,0,0,0,0,0,0,0,0,0,0
0,17,0,0,0,0,0,0,0,0,0,0,0
227,195,0,0,0,0,0,0,0,0,0,0,0
207,40,1,0,1,0,0,0,0,0,4000,4000,0
214,38,0,0,0,0,0,0,0,0,0,0,0
-42,-3,0,0,0,0,0,0,0,0,0,0,0
-64,-41,0,0,0,0,0,0,0,0,0,0,0
-56,-48,0,0,0,0,0,0,0,0,0,0,0
-50,-47,0,0,0,0,0,0,0,0,0,0,0
47,3,0,0,0,0,0,0,0,0,0,0,0
52,18,0,0,0,0,0,0,0,0,0,0,0
101,0,0,0,0,0,0,0,0,0,0,0,0
-60,-47,0,0,0,0,0,0,0,0,0,0,0
-39,-46,1,1,0,0,0,0,0,0,400,400,0
-50,-34,0,0,0,0,0,0,0,0,0,0,0
77,32,1,0,1,0,0,0,0,0,4000,4000,0
0,12,1,0,1,0,0,0,0,0,3000,3000,0
-51,-24,0,0,0,0,0,0,0,0,0,0,0
56,15,0,0,0,0,0,0,0,0,0,0,0
7,-7,0,0,0,0,0,0,0,0,0,0,0
-67,-57,0,0,0,0,0,0,0,0,0,0,0
50,-22,0,0,0,0,0,0,0,0,0,0,0
30,-30,0,0,0,0,0,0,0,0,0,0,0
7,-33,0,0,0,0,0,0,0,0,0,0,0
-72,-57,0,0,0,0,0,0,0,0,0,0,0
57,56,0,0,0,0,0,0,0,0,0,0,0
-44,-24,0,0,0,0,0,0,0,0,0,0,0
67,1,1,1,0,0,0,0,0,0,200,200,0
46,-19,0,0,0,0,0,0,0,0,0,0,0
35,71,0,0,0,0,0,0,0,0,0,0,0
31,40,0,0,0,0,0,0,0,0,0,0,0
151,59,1,0,1,0,0,0,0,0,8000,8000,0
-29,-15,0,0,0,0,0,0,0,0,0,0,0
-20,37,0,0,0,0,0,0,0,0,0,0,0
31,42,0,0,0,0,0,0,0,0,0,0,0
-49,-34,0,0,0,0,0,0,0,0,0,0,0
-13,-34,0,0,0,0,0,0,0,0,0,0,0
123,33,0,0,0,0,0,0,0,0,0,0,0
-30,9,0,0,0,0,0,0,0,0,0,0,0
-47,-20,0,0,0,0,0,0,0,0,0,0,0
-42,-32,0,0,0,0,0,0,0,0,0,0,0
-82,-69,0,0,0,0,0,0,0,0,0,0,0
-28,-59,0,0,0,0,0,0,0,0,0,0,0
-59,-69,0,0,0,0,0,0,0,0,0,0,0
14,-48,1,1,0,0,0,0,0,0,700,700,0
31,7,0,0,0,0,0,0,0,0,0,0,0
-71,-61,0,0,0,0,0,0,0,0,0,0,0
-80,-36,0,0,0,0,0,0,0,0,0,0,0
-18,-28,1,1,0,0,0,0,0,0,300,300,0
17,-56,1,0,1,0,0,0,0,0,1000,1000,0
-76,-57,0,0,0,0,0,0,0,0,0,0,0
-44,-61,0,0,0,0,0,0,0,0,0,0,0
-27,-50,0,0,0,0,0,0,0,0,0,0,0
-71,-65,0,0,0,0,0,0,0,0,0,0,0
-77,-61,0,0,0,0,0,0,0,0,0,0,0
-70,-61,0,0,0,0,0,0,0,0,0,0,0
-5,-11,1,0,1,0,0,0,0,0,7000,7000,0
13,9,0,0,0,0,0,0,0,0,0,0,0
-21,3,0,0,0,0,0,0,0,0,0,0,0
-42,-38,0,0,0,0,0,0,0,0,0,0,0
41,6,1,1,0,0,0,0,0,0,400,400,1
14,26,1,0,0,1,0,0,0,0,20000,20000,0
187,72,1,0,1,0,0,0,0,0,5000,5000,0
39,44,0,0,0,0,0,0,0,0,0,0,0
27,3,1,1,0,0,0,0,0,0,100,100,0
201,129,1,0,1,0,0,0,0,0,2000,2000,0
100,79,0,0,0,0,0,0,0,0,0,0,0
78,30,0,0,0,0,0,0,0,0,0,0,0
19,35,0,0,0,0,0,0,0,0,0,0,0
53,18,0,0,0,0,0,0,0,0,0,0,0
17,-4,0,0,0,0,0,0,0,0,0,0,1
101,72,1,0,0,1,0,0,0,0,10000,10000,0
-16,36,0,0,0,0,0,0,0,0,0,0,0
-10,-1,0,0,0,0,0,0,0,0,0,0,0
-11,20,1,1,0,0,0,0,0,0,800,800,0
-35,-32,2,1,1,0,0,0,0,0,9900,9000,0
-15,-15,0,0,0,0,0,0,0,0,0,0,0
-14,-37,0,0,0,0,0,0,0,0,0,0,0
-21,-46,0,0,0,0,0,0,0,0,0,0,0
54,-26,1,1,0,0,0,0,0,0,100,100,0
144,14,1,1,0,0,0,0,0,0,600,600,0
140,27,0,0,0,0,0,0,0,0,0,0,0
35,-13,1,0,1,0,0,0,0,0,2000,2000,0
13,-18,0,0,0,0,0,0,0,0,0,0,0
-16,-36,0,0,0,0,0,0,0,0,0,0,0
77,13,0,0,0,0,0,0,0,0,0,0,0
159,35,1,0,1,0,0,0,0,0,3000,3000,0
106,27,0,0,0,0,0,0,0,0,0,0,0
-20,-15,1,1,0,0,0,0,0,0,700,700,0
54,-13,0,0,0,0,0,0,0,0,0,0,0
29,-8,1,0,1,0,0,0,0,0,4000,4000,0
62,21,2,0,2,0,0,0,0,0,12000,8000,0
105,58,0,0,0,0,0,0,0,0,0,0,1
78,44,2,0,1,1,0,0,0,0,33000,30000,0
104,16,0,0,0,0,0,0,0,0,0,0,0
40,18,0,0,0,0,0,0,0,0,0,0,0
177,68,0,0,0,0,0,0,0,0,0,0,0
2,11,0,0,0,0,0,0,0,0,0,0,0
-11,-16,0,0,0,0,0,0,0,0,0,0,0
-30,-39,1,0,1,0,0,0,0,0,4000,4000,0
-42,-40,0,0,0,0,0,0,0,0,0,0,0
91,24,0,0,0,0,0,0,0,0,0,0,0
8,-10,0,0,0,0,0,0,0,0,0,0,0
-23,-14,0,0,0,0,0,0,0,0,0,0,0
-14,-14,1,1,0,0,0,0,0,0,300,300,0
154,31,3,3,0,0,0,0,0,0,1300,500,0
129,70,1,1,0,0,0,0,0,0,600,600,0
29,28,1,0,1,0,0,0,0,0,4000,4000,0
-24,-20,0,0,0,0,0,0,0,0,0,0,0
72,40,2,2,0,0,0,0,0,0,900,600,1
162,106,2,0,1,1,0,0,0,0,34000,30000,0
7,68,0,0,0,0,0,0,0,0,0,0,0
-46,-2,0,0,0,0,0,0,0,0,0,0,0
-40,23,1,1,0,0,0,0,0,0,300,300,0
-23,14,0,0,0,0,0,0,0,0,0,0,0
21,24,0,0,0,0,0,0,0,0,0,0,0
78,68,0,0,0,0,0,0,0,0,0,0,0
-8,21,0,0,0,0,0,0,0,0,0,0,0
-9,7,0,0,0,0,0,0,0,0,0,0,0
138,86,0,0,0,0,0,0,0,0,0,0,0
153,120,0,0,0,0,0,0,0,0,0,0,0
13,52,0,0,0,0,0,0,0,0,0,0,0
-34,-4,0,0,0,0,0,0,0,0,0,0,0
-55,-25,0,0,0,0,0,0,0,0,0,0,0
-51,-23,1,0,1,0,0,0,0,0,1000,1000,0
-3,-26,1,1,0,0,0,0,0,0,200,200,0
-25,-18,0,0,0,0,0,0,0,0,0,0,0
53,49,1,1,0,0,0,0,0,0,400,400,0
212,122,2,1,1,0,0,0,0,0,2800,2000,0
56,33,2,2,0,0,0,0,0,0,500,400,0
19,-6,0,0,0,0,0,0,0,0,0,0,0
121,88,1,0,1,0,0,0,0,0,6000,6000,0
120,55,0,0,0,0,0,0,0,0,0,0,0
18,36,0,0,0,0,0,0,0,0,0,0,0
67,53,0,0,0,0,0,0,0,0,0,0,0
105,67,0,0,0,0,0,0,0,0,0,0,0
32,47,0,0,0,0,0,0,0,0,0,0,0
-14,-7,0,0,0,0,0,0,0,0,0,0,0
-20,-13,0,0,0,0,0,0,0,0,0,0,0
25,35,0,0,0,0,0,0,0,0,0,0,0
38,29,0,0,0,0,0,0,0,0,0,0,0
98,47,2,2,0,0,0,0,0,0,600,400,0
-13,4,0,0,0,0,0,0,0,0,0,0,0
-1,10,1,1,0,0,0,0,0,0,200,200,0
-13,-18,0,0,0,0,0,0,0,0,0,0,0
223,202,0,0,0,0,0,0,0,0,0,0,0
66,104,0,0,0,0,0,0,0,0,0,0,0
8,45,0,0,0,0,0,0,0,0,0,0,0
-26,-32,1,1,0,0,0,0,0,0,500,500,0
-6,-21,1,1,0,0,0,0,0,0,300,300,0
-43,-31,0,0,0,0,0,0,0,0,0,0,0
-24,-21,0,0,0,0,0,0,0,0,0,0,0
-38,-25,1,1,0,0,0,0,0,0,300,300,0
-3,-2,0,0,0,0,0,0,0,0,0,0,1
-5,-12,2,1,0,1,0,0,0,0,40200,40000,0
46,32,1,0,1,0,0,0,0,0,7000,7000,0
-10,-11,0,0,0,0,0,0,0,0,0,0,0
-35,-7,0,0,0,0,0,0,0,0,0,0,0
-8,-6,2,1,1,0,0,0,0,0,2300,2000,0
42,6,0,0,0,0,0,0,0,0,0,0,0
-19,-15,0,0,0,0,0,0,0,0,0,0,0
-34,-28,0,0,0,0,0,0,0,0,0,0,0
8,0,0,0,0,0,0,0,0,0,0,0,0
-21,-18,1,0,1,0,0,0,0,0,4000,4000,0
-14,-18,0,0,0,0,0,0,0,0,0,0,0
27,-10,0,0,0,0,0,0,0,0,0,0,0
-19,-20,0,0,0,0,0,0,0,0,0,0,0
-19,-15,0,0,0,0,0,0,0,0,0,0,0
-9,-4,0,0,0,0,0,0,0,0,0,0,0
-13,-10,0,0,0,0,0,0,0,0,0,0,0
-58,-42,1,0,1,0,0,0,0,0,2000,2000,0
-10,29,0,0,0,0,0,0,0,0,0,0,0
34,7,1,1,0,0,0,0,0,0,800,800,0
25,-2,0,0,0,0,0,0,0,0,0,0,0
-42,-25,0,0,0,0,0,0,0,0,0,0,0
-46,-40,1,1,0,0,0,0,0,0,200,200,0
-15,-27,0,0,0,0,0,0,0,0,0,0,0
-42,-39,1,1,0,0,0,0,0,0,200,200,0
-59,-49,0,0,0,0,0,0,0,0,0,0,0
6,-18,0,0,0,0,0,0,0,0,0,0,0
8,-6,0,0,0,0,0,0,0,0,0,0,0
-31,-29,0,0,0,0,0,0,0,0,0,0,0
13,18,2,2,0,0,0,0,0,0,1000,900,0
56,26,0,0,0,0,0,0,0,0,0,0,0
-7,7,0,0,0,0,0,0,0,0,0,0,0
-9,6,1,1,0,0,0,0,0,0,100,100,0
-14,-11,0,0,0,0,0,0,0,0,0,0,0
30,50,2,2,0,0,0,0,0,0,400,200,0
6,22,0,0,0,0,0,0,0,0,0,0,0
218,248,0,0,0,0,0,0,0,0,0,0,0
0,88,0,0,0,0,0,0,0,0,0,0,0
27,74,0,0,0,0,0,0,0,0,0,0,0
-14,19,0,0,0,0,0,0,0,0,0,0,0
-32,-11,0,0,0,0,0,0,0,0,0,0,0
-48,6,0,0,0,0,0,0,0,0,0,0,0
-28,2,0,0,0,0,0,0,0,0,0,0,0
-62,-26,0,0,0,0,0,0,0,0,0,0,0
-18,-29,0,0,0,0,0,0,0,0,0,0,0
-21,-16,0,0,0,0,0,0,0,0,0,0,0
-9,-2,0,0,0,0,0,0,0,0,0,0,0
-67,-26,0,0,0,0,0,0,0,0,0,0,0
-22,-14,0,0,0,0,0,0,0,0,0,0,0
-45,13,0,0,0,0,0,0,0,0,0,0,0
-56,-5,0,0,0,0,0,0,0,0,0,0,0
-63,-30,0,0,0,0,0,0,0,0,0,0,0
-75,-24,0,0,0,0,0,0,0,0,0,0,0
-67,-24,0,0,0,0,0,0,0,0,0,0,0
-29,-16,0,0,0,0,0,0,0,0,0,0,0
-58,15,0,0,0,0,0,0,0,0,0,0,0
-44,-4,0,0,0,0,0,0,0,0,0,0,0
-27,6,0,0,0,0,0,0,0,0,0,0,0
-32,11,0,0,0,0,0,0,0,0,0,0,0
-41,5,0,0,0,0,0,0,0,0,0,0,0
-23,8,0,0,0,0,0,0,0,0,0,0,0
0,20,1,1,0,0,0,0,0,0,100,100,0
-30,6,0,0,0,0,0,0,0,0,0,0,0
-43,1,0,0,0,0,0,0,0,0,0,0,0
31,26,1,0,1,0,0,0,0,0,4000,4000,0
9,28,0,0,0,0,0,0,0,0,0,0,0
-46,6,0,0,0,0,0,0,0,0,0,0,0
98,26,1,1,0,0,0,0,0,0,300,300,0
-28,12,0,0,0,0,0,0,0,0,0,0,0
-5,-16,0,0,0,0,0,0,0,0,0,0,0
-38,-10,0,0,0,0,0,0,0,0,0,0,0
-5,11,1,1,0,0,0,0,0,0,300,300,0
-32,-9,0,0,0,0,0,0,0,0,0,0,0
-4,-10,0,0,0,0,0,0,0,0,0,0,0
9,-10,0,0,0,0,0,0,0,0,0,0,0
-6,-4,0,0,0,0,0,0,0,0,0,0,0
-58,-43,0,0,0,0,0,0,0,0,0,0,0
-56,-40,1,1,0,0,0,0,0,0,300,300,0
-9,17,2,1,1,0,0,0,0,0,8300,8000,0
-10,18,1,1,0,0,0,0,0,0,800,800,0
6,76,1,0,1,0,0,0,0,0,4000,4000,0
54,46,0,0,0,0,0,0,0,0,0,0,0
21,81,0,0,0,0,0,0,0,0,0,0,0
-32,2,0,0,0,0,0,0,0,0,0,0,0
-20,-8,1,0,1,0,0,0,0,0,7000,7000,0
36,26,0,0,0,0,0,0,0,0,0,0,0
-14,-18,0,0,0,0,0,0,0,0,0,0,0
56,-7,3,1,2,0,0,0,0,0,9300,6000,0
7,29,0,0,0,0,0,0,0,0,0,0,0
-14,2,0,0,0,0,0,0,0,0,0,0,0
-65,-38,0,0,0,0,0,0,0,0,0,0,0
-60,-42,0,0,0,0,0,0,0,0,0,0,0
-53,-32,1,1,0,0,0,0,0,0,600,600,0
-45,-41,0,0,0,0,0,0,0,0,0,0,0
-22,-27,0,0,0,0,0,0,0,0,0,0,0
64,12,0,0,0,0,0,0,0,0,0,0,0
-3,-6,1,1,0,0,0,0,0,0,600,600,0
-42,-26,0,0,0,0,0,0,0,0,0,0,0
-27,-28,0,0,0,0,0,0,0,0,0,0,0
148,28,0,0,0,0,0,0,0,0,0,0,0
36,2,1,0,1,0,0,0,0,0,8000,8000,0
-53,-8,0,0,0,0,0,0,0,0,0,0,0
-50,-32,0,0,0,0,0,0,0,0,0,0,0
-6,-14,0,0,0,0,0,0,0,0,0,0,0
40,17,0,0,0,0,0,0,0,0,0,0,0
3,9,0,0,0,0,0,0,0,0,0,0,0
182,57,2,1,1,0,0,0,0,0,1200,1000,1
45,19,1,0,0,1,0,0,0,0,40000,40000,0
13,10,0,0,0,0,0,0,0,0,0,0,0
69,51,1,1,0,0,0,0,0,0,300,300,1
133,81,1,0,0,1,0,0,0,0,20000,20000,0
67,45,0,0,0,0,0,0,0,0,0,0,0
-1,25,1,1,0,0,0,0,0,0,200,200,0
-62,-14,0,0,0,0,0,0,0,0,0,0,0
-10,-25,1,0,1,0,0,0,0,0,2000,2000,0
-37,-30,0,0,0,0,0,0,0,0,0,0,0
31,3,0,0,0,0,0,0,0,0,0,0,0
97,33,3,2,1,0,0,0,0,0,2100,1000,0
16,4,1,0,1,0,0,0,0,0,2000,2000,0
69,39,0,0,0,0,0,0,0,0,0,0,0
102,70,1,1,0,0,0,0,0,0,200,200,0
143,67,2,1,1,0,0,0,0,0,4700,4000,0
18,13,0,0,0,0,0,0,0,0,0,0,0
36,28,0,0,0,0,0,0,0,0,0,0,0
88,61,0,0,0,0,0,0,0,0,0,0,0
43,49,0,0,0,0,0,0,0,0,0,0,0
93,120,0,0,0,0,0,0,0,0,0,0,0
125,75,0,0,0,0,0,0,0,0,0,0,0
0,40,0,0,0,0,0,0,0,0,0,0,0
153,80,0,0,0,0,0,0,0,0,0,0,0
115,69,2,2,0,0,0,0,0,0,600,400,0
207,128,1,0,1,0,0,0,0,0,4000,4000,0
357,159,0,0,0,0,0,0,0,0,0,0,0
244,138,1,1,0,0,0,0,0,0,100,100,0
324,146,0,0,0,0,0,0,0,0,0,0,0
455,256,2,2,0,0,0,0,0,0,700,500,0
137,185,0,0,0,0,0,0,0,0,0,0,0
517,305,1,1,0,0,0,0,0,0,200,200,0
338,215,1,0,1,0,0,0,0,0,1000,1000,0
227,186,0,0,0,0,0,0,0,0,0,0,0
226,129,2,1,1,0,0,0,0,0,2500,2000,0
223,123,1,0,1,0,0,0,0,0,7000,7000,0
222,106,1,1,0,0,0,0,0,0,400,400,0
10,39,0,0,0,0,0,0,0,0,0,0,0
223,112,1,1,0,0,0,0,0,0,700,700,0
34,70,0,0,0,0,0,0,0,0,0,0,0
-12,30,0,0,0,0,0,0,0,0,0,0,0
80,-1,2,0,2,0,0,0,0,0,4000,2000,0
52,-7,0,0,0,0,0,0,0,0,0,0,0
10,35,0,0,0,0,0,0,0,0,0,0,0
33,60,1,0,1,0,0,0,0,0,3000,3000,0
3,18,0,0,0,0,0,0,0,0,0,0,0
-5,7,0,0,0,0,0,0,0,0,0,0,0
-34,-13,0,0,0,0,0,0,0,0,0,0,0
57,21,1,1,0,0,0,0,0,0,600,600,0
28,33,1,1,0,0,0,0,0,0,200,200,0
-31,10,0,0,0,0,0,0,0,0,0,0,0
-8,39,0,0,0,0,0,0,0,0,0,0,0
-4,13,1,1,0,0,0,0,0,0,500,500,0
35,19,0,0,0,0,0,0,0,0,0,0,0
9,66,0,0,0,0,0,0,0,0,0,0,0
-48,0,0,0,0,0,0,0,0,0,0,0,0
23,39,1,0,1,0,0,0,0,0,4000,4000,0
57,75,2,1,1,0,0,0,0,0,3500,3000,1
122,73,2,0,1,1,0,0,0,0,27000,20000,1
255,71,2,1,0,1,0,0,0,0,20300,20000,0
148,49,0,0,0,0,0,0,0,0,0,0,0
90,34,0,0,0,0,0,0,0,0,0,0,0
191,53,0,0,0,0,0,0,0,0,0,0,0
50,51,1,0,1,0,0,0,0,0,4000,4000,0
27,-23,0,0,0,0,0,0,0,0,0,0,0
146,37,1,1,0,0,0,0,0,0,400,400,0
87,51,1,1,0,0,0,0,0,0,200,200,0
16,-2,1,0,1,0,0,0,0,0,2000,2000,0
93,51,1,1,0,0,0,0,0,0,500,500,0
-12,41,1,0,1,0,0,0,0,0,4000,4000,0
-1,35,1,0,1,0,0,0,0,0,1000,1000,0
-37,-21,0,0,0,0,0,0,0,0,0,0,0
-19,-17,1,1,0,0,0,0,0,0,200,200,0
-2,12,0,0,0,0,0,0,0,0,0,0,0
-50,-9,1,0,1,0,0,0,0,0,4000,4000,0
-45,-18,1,1,0,0,0,0,0,0,300,300,0
19,18,1,1,0,0,0,0,0,0,700,700,0
-12,52,1,0,1,0,0,0,0,0,4000,4000,0
121,234,1,1,0,0,0,0,0,0,200,200,1
-57,-33,1,0,0,1,0,0,0,0,20000,20000,0
9,64,1,0,1,0,0,0,0,0,3000,3000,0
-78,-41,0,0,0,0,0,0,0,0,0,0,0
-11,-17,0,0,0,0,0,0,0,0,0,0,0
10,12,0,0,0,0,0,0,0,0,0,0,0
4,12,0,0,0,0,0,0,0,0,0,0,0
90,68,0,0,0,0,0,0,0,0,0,0,0
71,34,0,0,0,0,0,0,0,0,0,0,0
138,33,1,1,0,0,0,0,0,0,900,900,0
2,35,0,0,0,0,0,0,0,0,0,0,0
-64,-18,0,0,0,0,0,0,0,0,0,0,0
0,-13,0,0,0,0,0,0,0,0,0,0,0
18,33,0,0,0,0,0,0,0,0,0,0,0
182,40,1,1,0,0,0,0,0,0,300,300,0
52,20,0,0,0,0,0,0,0,0,0,0,0
110,1,2,1,1,0,0,0,0,0,3600,3000,0
145,58,0,0,0,0,0,0,0,0,0,0,0
19,0,1,1,0,0,0,0,0,0,500,500,0
98,-4,2,1,1,0,0,0,0,0,2700,2000,0
107,31,2,1,1,0,0,0,0,0,2400,2000,1
36,10,1,0,0,1,0,0,0,0,30000,30000,0
435,239,0,0,0,0,0,0,0,0,0,0,0
287,205,0,0,0,0,0,0,0,0,0,0,0
259,165,0,0,0,0,0,0,0,0,0,0,0
-25,-42,0,0,0,0,0,0,0,0,0,0,0
19,-41,0,0,0,0,0,0,0,0,0,0,0
-7,-39,0,0,0,0,0,0,0,0,0,0,0
143,-7,1,0,1,0,0,0,0,0,2000,2000,0
54,21,0,0,0,0,0,0,0,0,0,0,0
141,19,0,0,0,0,0,0,0,0,0,0,0
82,62,3,1,2,0,0,0,0,0,4200,2000,1
147,60,1,0,0,1,0,0,0,0,40000,40000,0
37,-17,0,0,0,0,0,0,0,0,0,0,0
201,103,0,0,0,0,0,0,0,0,0,0,0
56,12,0,0,0,0,0,0,0,0,0,0,0
41,5,1,1,0,0,0,0,0,0,200,200,0
23,-5,1,1,0,0,0,0,0,0,200,200,0
-21,-11,0,0,0,0,0,0,0,0,0,0,0
-4,-26,0,0,0,0,0,0,0,0,0,0,0
27,-14,0,0,0,0,0,0,0,0,0,0,0
-4,-22,0,0,0,0,0,0,0,0,0,0,0
-21,-42,0,0,0,0,0,0,0,0,0,0,0
-24,-29,0,0,0,0,0,0,0,0,0,0,0
-45,-73,0,0,0,0,0,0,0,0,0,0,0
-50,-16,0,0,0,0,0,0,0,0,0,0,0
-63,-58,0,0,0,0,0,0,0,0,0,0,0
4,-59,1,0,1,0,0,0,0,0,3000,3000,0
22,-47,1,1,0,0,0,0,0,0,700,700,0
-40,-47,0,0,0,0,0,0,0,0,0,0,0
-79,-62,0,0,0,0,0,0,0,0,0,0,0
-55,-63,0,0,0,0,0,0,0,0,0,0,0
-9,-64,0,0,0,0,0,0,0,0,0,0,0
48,-25,0,0,0,0,0,0,0,0,0,0,0
164,-1,2,1,1,0,0,0,0,0,2200,2000,0
96,-3,0,0,0,0,0,0,0,0,0,0,1
273,49,3,0,2,1,0,0,0,0,16000,10000,0
46,4,0,0,0,0,0,0,0,0,0,0,0
31,-42,0,0,0,0,0,0,0,0,0,0,0
92,-13,0,0,0,0,0,0,0,0,0,0,0
108,15,1,1,0,0,0,0,0,0,100,100,0
120,-15,0,0,0,0,0,0,0,0,0,0,0
32,-27,0,0,0,0,0,0,0,0,0,0,1
92,6,2,0,1,0,1,0,0,0,205000,200000,0
214,190,0,0,0,0,0,0,0,0,0,0,0
47,-15,1,1,0,0,0,0,0,0,100,100,0
41,-14,0,0,0,0,0,0,0,0,0,0,0
-32,-45,0,0,0,0,0,0,0,0,0,0,0
56,-18,0,0,0,0,0,0,0,0,0,0,1
101,-3,1,0,0,1,0,0,0,0,20000,20000,0
-22,-35,0,0,0,0,0,0,0,0,0,0,0
-19,-45,0,0,0,0,0,0,0,0,0,0,0
-51,-60,0,0,0,0,0,0,0,0,0,0,0
-70,-66,0,0,0,0,0,0,0,0,0,0,0
-52,-68,1,0,1,0,0,0,0,0,3000,3000,0
-67,-66,0,0,0,0,0,0,0,0,0,0,0
110,0,1,1,0,0,0,0,0,0,400,400,0
13,-18,0,0,0,0,0,0,0,0,0,0,0
11,0,0,0,0,0,0,0,0,0,0,0,0
8,-22,1,0,1,0,0,0,0,0,2000,2000,0
63,2,1,1,0,0,0,0,0,0,400,400,0
-34,-31,0,0,0,0,0,0,0,0,0,0,1
15,-17,1,0,0,1,0,0,0,0,80000,80000,0
116,34,0,0,0,0,0,0,0,0,0,0,0
102,66,2,0,2,0,0,0,0,0,5000,3000,0
33,23,0,0,0,0,0,0,0,0,0,0,0
-24,-21,0,0,0,0,0,0,0,0,0,0,0
-18,-25,0,0,0,0,0,0,0,0,0,0,0
25,9,0,0,0,0,0,0,0,0,0,0,0
12,-22,0,0,0,0,0,0,0,0,0,0,0
166,71,0,0,0,0,0,0,0,0,0,0,0
-1,-1,0,0,0,0,0,0,0,0,0,0,0
17,2,0,0,0,0,0,0,0,0,0,0,0
-4,-11,1,1,0,0,0,0,0,0,700,700,0
155,46,1,0,1,0,0,0,0,0,3000,3000,0
18,17,0,0,0,0,0,0,0,0,0,0,0
118,61,0,0,0,0,0,0,0,0,0,0,0
-28,-25,0,0,0,0,0,0,0,0,0,0,0
-40,-47,1,0,1,0,0,0,0,0,3000,3000,0
-36,-35,0,0,0,0,0,0,0,0,0,0,0
17,1,2,1,1,0,0,0,0,0,3200,3000,0
18,-13,0,0,0,0,0,0,0,0,0,0,0
-69,-25,0,0,0,0,0,0,0,0,0,0,0
-22,8,0,0,0,0,0,0,0,0,0,0,0
85,59,2,1,1,0,0,0,0,0,9200,9000,0
-48,-16,0,0,0,0,0,0,0,0,0,0,0
-34,-11,1,1,0,0,0,0,0,0,400,400,0
-4,-5,4,1,3,0,0,0,0,0,11900,6000,0
66,55,1,0,1,0,0,0,0,0,2000,2000,0
-18,13,0,0,0,0,0,0,0,0,0,0,0
-20,-8,0,0,0,0,0,0,0,0,0,0,1
-24,-13,1,0,0,1,0,0,0,0,40000,40000,0
87,63,2,1,1,0,0,0,0,0,2400,2000,0
30,27,0,0,0,0,0,0,0,0,0,0,0
-29,10,0,0,0,0,0,0,0,0,0,0,0
-22,-18,1,1,0,0,0,0,0,0,400,400,0
37,40,0,0,0,0,0,0,0,0,0,0,0
-46,-19,1,1,0,0,0,0,0,0,500,500,0
92,79,3,1,2,0,0,0,0,0,4800,2000,0
126,91,0,0,0,0,0,0,0,0,0,0,0
82,54,0,0,0,0,0,0,0,0,0,0,0
-71,-41,0,0,0,0,0,0,0,0,0,0,0
-50,-50,2,1,1,0,0,0,0,0,3500,3000,0
-67,-60,0,0,0,0,0,0,0,0,0,0,0
48,22,0,0,0,0,0,0,0,0,0,0,0
7,2,2,1,1,0,0,0,0,0,3300,3000,0
-76,-46,0,0,0,0,0,0,0,0,0,0,0
-28,-19,1,1,0,0,0,0,0,0,600,600,0
-52,-28,0,0,0,0,0,0,0,0,0,0,0
-27,-35,0,0,0,0,0,0,0,0,0,0,0
36,16,2,1,1,0,0,0,0,0,5500,5000,0
-22,-3,1,1,0,0,0,0,0,0,900,900,0
-45,-27,0,0,0,0,0,0,0,0,0,0,0
66,24,2,1,1,0,0,0,0,0,1400,1000,0
-21,-4,2,0,2,0,0,0,0,0,4000,2000,0
-32,2,0,0,0,0,0,0,0,0,0,0,0
-42,-14,0,0,0,0,0,0,0,0,0,0,0
-18,-15,0,0,0,0,0,0,0,0,0,0,0
-15,-8,1,0,1,0,0,0,0,0,5000,5000,0
-11,13,1,1,0,0,0,0,0,0,200,200,0
-25,-16,2,2,0,0,0,0,0,0,1300,900,0
-66,-29,0,0,0,0,0,0,0,0,0,0,0
29,-9,1,0,1,0,0,0,0,0,8000,8000,0
45,90,0,0,0,0,0,0,0,0,0,0,0
-72,-28,0,0,0,0,0,0,0,0,0,0,0
-79,-47,0,0,0,0,0,0,0,0,0,0,0
-40,-56,1,0,1,0,0,0,0,0,1000,1000,0
-78,-53,0,0,0,0,0,0,0,0,0,0,0
11,-32,1,1,0,0,0,0,0,0,900,900,0
68,24,1,1,0,0,0,0,0,0,900,900,0
-39,10,0,0,0,0,0,0,0,0,0,0,0
-38,-3,2,0,2,0,0,0,0,0,10000,8000,0
111,84,2,2,0,0,0,0,0,0,1600,900,0
8,52,1,1,0,0,0,0,0,0,500,500,0
-34,-12,0,0,0,0,0,0,0,0,0,0,0
29,83,1,0,1,0,0,0,0,0,7000,7000,0
15,33,1,0,1,0,0,0,0,0,2000,2000,0
49,59,2,2,0,0,0,0,0,0,1100,700,0
-25,2,0,0,0,0,0,0,0,0,0,0,0
-5,20,1,0,1,0,0,0,0,0,5000,5000,0
7,56,1,1,0,0,0,0,0,0,300,300,0
5,25,0,0,0,0,0,0,0,0,0,0,0
-19,-42,0,0,0,0,0,0,0,0,0,0,0
9,2,1,1,0,0,0,0,0,0,200,200,0
10,12,0,0,0,0,0,0,0,0,0,0,0
-14,2,0,0,0,0,0,0,0,0,0,0,0
-14,-2,0,0,0,0,0,0,0,0,0,0,0
25,57,1,0,1,0,0,0,0,0,1000,1000,0
-30,4,0,0,0,0,0,0,0,0,0,0,0
8,30,0,0,0,0,0,0,0,0,0,0,0
72,16,1,0,1,0,0,0,0,0,3000,3000,0
6,102,1,0,1,0,0,0,0,0,9000,9000,0
15,5,0,0,0,0,0,0,0,0,0,0,1
147,214,2,0,1,0,1,0,0,0,206000,200000,0
60,61,0,0,0,0,0,0,0,0,0,0,0
-20,18,0,0,0,0,0,0,0,0,0,0,0
-2,-1,0,0,0,0,0,0,0,0,0,0,0
-25,-11,1,0,1,0,0,0,0,0,1000,1000,0
-30,-28,1,1,0,0,0,0,0,0,300,300,0
-16,-3,1,0,1,0,0,0,0,0,2000,2000,0
-46,-40,0,0,0,0,0,0,0,0,0,0,0
-11,-7,1,1,0,0,0,0,0,0,200,200,0
46,17,0,0,0,0,0,0,0,0,0,0,0
-24,-15,1,0,1,0,0,0,0,0,2000,2000,0
-20,-2,0,0,0,0,0,0,0,0,0,0,0
0,-16,0,0,0,0,0,0,0,0,0,0,0
-11,-38,1,1,0,0,0,0,0,0,200,200,0
-7,-21,1,1,0,0,0,0,0,0,300,300,0
41,22,1,0,1,0,0,0,0,0,8000,8000,0
-8,14,0,0,0,0,0,0,0,0,0,0,0
0,4,0,0,0,0,0,0,0,0,0,0,0
-65,-36,0,0,0,0,0,0,0,0,0,0,0
0,-26,0,0,0,0,0,0,0,0,0,0,0
-80,-40,0,0,0,0,0,0,0,0,0,0,0
-49,-53,0,0,0,0,0,0,0,0,0,0,0
-53,-59,0,0,0,0,0,0,0,0,0,0,0
-71,-46,0,0,0,0,0,0,0,0,0,0,0
-63,-54,0,0,0,0,0,0,0,0,0,0,0
-62,-57,0,0,0,0,0,0,0,0,0,0,0
-69,-60,0,0,0,0,0,0,0,0,0,0,0
88,36,0,0,0,0,0,0,0,0,0,0,0
9,2,0,0,0,0,0,0,0,0,0,0,0
-7,-35,1,1,0,0,0,0,0,0,300,300,0
105,310,0,0,0,0,0,0,0,0,0,0,0
-64,-59,0,0,0,0,0,0,0,0,0,0,0
-73,-70,0,0,0,0,0,0,0,0,0,0,0
-77,67,0,0,0,0,0,0,0,0,0,0,0
-75,-71,0,0,0,0,0,0,0,0,0,0,0
-75,-70,0,0,0,0,0,0,0,0,0,0,0
-64,-71,0,0,0,0,0,0,0,0,0,0,0
-84,-80,0,0,0,0,0,0,0,0,0,0,0
-88,-78,0,0,0,0,0,0,0,0,0,0,0
-75,-69,0,0,0,0,0,0,0,0,0,0,0
-71,-77,0,0,0,0,0,0,0,0,0,0,0
-85,-75,0,0,0,0,0,0,0,0,0,0,0
-15,-71,1,0,1,0,0,0,0,0,6000,6000,0
-68,-77,0,0,0,0,0,0,0,0,0,0,0
-88,-76,0,0,0,0,0,0,0,0,0,0,0
-85,-72,0,0,0,0,0,0,0,0,0,0,1
-63,-79,1,0,0,1,0,0,0,0,20000,20000,0
-64,-49,0,0,0,0,0,0,0,0,0,0,0
-71,-67,1,1,0,0,0,0,0,0,700,700,0
-24,-22,1,1,0,0,0,0,0,0,200,200,0
-1,12,0,0,0,0,0,0,0,0,0,0,0
-7,-19,0,0,0,0,0,0,0,0,0,0,0
-12,-9,0,0,0,0,0,0,0,0,0,0,0
12,-14,1,0,1,0,0,0,0,0,4000,4000,0
-57,-39,0,0,0,0,0,0,0,0,0,0,0
-54,-42,0,0,0,0,0,0,0,0,0,0,0
-60,-56,0,0,0,0,0,0,0,0,0,0,0
-51,-57,0,0,0,0,0,0,0,0,0,0,0
-75,-63,0,0,0,0,0,0,0,0,0,0,0
8,-10,2,2,0,0,0,0,0,0,1300,900,0
-32,-39,0,0,0,0,0,0,0,0,0,0,0
45,42,1,1,0,0,0,0,0,0,800,800,0
-60,-58,0,0,0,0,0,0,0,0,0,0,0
50,61,0,0,0,0,0,0,0,0,0,0,0
-53,-54,0,0,0,0,0,0,0,0,0,0,0
-14,-43,0,0,0,0,0,0,0,0,0,0,0
31,16,0,0,0,0,0,0,0,0,0,0,0
-38,-48,1,1,0,0,0,0,0,0,700,700,0
-50,-40,0,0,0,0,0,0,0,0,0,0,0
-16,-42,1,0,1,0,0,0,0,0,5000,5000,0
-60,-31,0,0,0,0,0,0,0,0,0,0,0
-56,-62,0,0,0,0,0,0,0,0,0,0,0
-49,-60,1,1,0,0,0,0,0,0,100,100,0
-10,1,0,0,0,0,0,0,0,0,0,0,0
-69,-60,0,0,0,0,0,0,0,0,0,0,0
-16,-34,0,0,0,0,0,0,0,0,0,0,0
-28,-36,2,1,1,0,0,0,0,0,5200,5000,0
-51,-40,0,0,0,0,0,0,0,0,0,0,0
-4,-6,0,0,0,0,0,0,0,0,0,0,0
-47,-43,1,1,0,0,0,0,0,0,400,400,0
17,0,0,0,0,0,0,0,0,0,0,0,0
-7,-6,0,0,0,0,0,0,0,0,0,0,0
-47,-25,0,0,0,0,0,0,0,0,0,0,0
-51,-57,1,1,0,0,0,0,0,0,300,300,0
23,10,0,0,0,0,0,0,0,0,0,0,0
11,40,1,0,1,0,0,0,0,0,3000,3000,0
-58,-31,0,0,0,0,0,0,0,0,0,0,0
103,105,0,0,0,0,0,0,0,0,0,0,0
-63,-63,0,0,0,0,0,0,0,0,0,0,0
223,218,0,0,0,0,0,0,0,0,0,0,0
0,30,0,0,0,0,0,0,0,0,0,0,0
-48,0,0,0,0,0,0,0,0,0,0,0,0
-24,-44,0,0,0,0,0,0,0,0,0,0,0
-41,-39,1,0,1,0,0,0,0,0,1000,1000,0
-55,-49,0,0,0,0,0,0,0,0,0,0,0
-49,-32,1,1,0,0,0,0,0,0,500,500,0
-1,29,0,0,0,0,0,0,0,0,0,0,0
-11,-12,0,0,0,0,0,0,0,0,0,0,0
-44,-23,0,0,0,0,0,0,0,0,0,0,0
-11,-32,1,0,1,0,0,0,0,0,2000,2000,0
-51,-37,0,0,0,0,0,0,0,0,0,0,0
-13,-1,1,1,0,0,0,0,0,0,400,400,0
220,79,1,1,0,0,0,0,0,0,200,200,0
34,-33,2,2,0,0,0,0,0,0,1100,700,0
0,48,1,1,0,0,0,0,0,0,700,700,0
34,46,1,0,1,0,0,0,0,0,6000,6000,0
-51,-32,0,0,0,0,0,0,0,0,0,0,0
16,30,0,0,0,0,0,0,0,0,0,0,0
56,51,0,0,0,0,0,0,0,0,0,0,0
54,91,0,0,0,0,0,0,0,0,0,0,0
-30,-5,1,0,1,0,0,0,0,0,1000,1000,1
72,70,1,0,0,1,0,0,0,0,60000,60000,0
18,72,0,0,0,0,0,0,0,0,0,0,0
21,76,1,0,1,0,0,0,0,0,3000,3000,0
-48,4,0,0,0,0,0,0,0,0,0,0,0
-22,10,1,0,1,0,0,0,0,0,4000,4000,0
-45,-27,0,0,0,0,0,0,0,0,0,0,0
-39,-17,1,0,1,0,0,0,0,0,2000,2000,0
-55,-46,0,0,0,0,0,0,0,0,0,0,0
33,-6,0,0,0,0,0,0,0,0,0,0,0
152,142,0,0,0,0,0,0,0,0,0,0,1
-3,2,1,0,0,0,1,0,0,0,300000,300000,0
-12,-10,0,0,0,0,0,0,0,0,0,0,0
21,22,0,0,0,0,0,0,0,0,0,0,0
-34,1,0,0,0,0,0,0,0,0,0,0,0
-22,-7,0,0,0,0,0,0,0,0,0,0,0
-31,-2,0,0,0,0,0,0,0,0,0,0,0
-29,-31,0,0,0,0,0,0,0,0,0,0,0
-21,12,0,0,0,0,0,0,0,0,0,0,0
-18,-34,0,0,0,0,0,0,0,0,0,0,0
-77,-49,0,0,0,0,0,0,0,0,0,0,0
-76,-40,0,0,0,0,0,0,0,0,0,0,0
-59,-41,0,0,0,0,0,0,0,0,0,0,0
-20,-37,1,0,1,0,0,0,0,0,2000,2000,0
-33,-40,0,0,0,0,0,0,0,0,0,0,0
-57,-36,0,0,0,0,0,0,0,0,0,0,0
13,-23,0,0,0,0,0,0,0,0,0,0,0
163,119,1,0,1,0,0,0,0,0,5000,5000,0
47,18,0,0,0,0,0,0,0,0,0,0,0
10,31,0,0,0,0,0,0,0,0,0,0,0
-11,4,0,0,0,0,0,0,0,0,0,0,1
-6,6,1,0,0,1,0,0,0,0,10000,10000,0
27,3,0,0,0,0,0,0,0,0,0,0,0
220,130,0,0,0,0,0,0,0,0,0,0,0
96,115,0,0,0,0,0,0,0,0,0,0,0
88,42,1,1,0,0,0,0,0,0,700,700,0
32,53,1,1,0,0,0,0,0,0,100,100,0
484,367,0,0,0,0,0,0,0,0,0,0,0
120,130,0,0,0,0,0,0,0,0,0,0,0
104,23,0,0,0,0,0,0,0,0,0,0,0
150,89,3,3,0,0,0,0,0,0,1600,700,0
115,119,0,0,0,0,0,0,0,0,0,0,1
125,101,1,0,0,1,0,0,0,0,90000,90000,0
147,95,1,1,0,0,0,0,0,0,600,600,0
8,38,0,0,0,0,0,0,0,0,0,0,0
-19,-2,0,0,0,0,0,0,0,0,0,0,0
-18,2,0,0,0,0,0,0,0,0,0,0,0
-17,8,0,0,0,0,0,0,0,0,0,0,0
-29,16,0,0,0,0,0,0,0,0,0,0,0
15,-4,0,0,0,0,0,0,0,0,0,0,0
-33,-25,0,0,0,0,0,0,0,0,0,0,0
-41,-32,0,0,0,0,0,0,0,0,0,0,0
47,14,0,0,0,0,0,0,0,0,0,0,0
264,150,0,0,0,0,0,0,0,0,0,0,0
18,51,0,0,0,0,0,0,0,0,0,0,0
4,-27,1,0,1,0,0,0,0,0,6000,6000,0
-2,-8,0,0,0,0,0,0,0,0,0,0,0
28,-12,1,0,1,0,0,0,0,0,1000,1000,0
63,18,0,0,0,0,0,0,0,0,0,0,0
-11,-25,0,0,0,0,0,0,0,0,0,0,0
-3,-25,0,0,0,0,0,0,0,0,0,0,0
149,61,1,1,0,0,0,0,0,0,200,200,0
81,41,0,0,0,0,0,0,0,0,0,0,0
15,-2,0,0,0,0,0,0,0,0,0,0,0
64,8,0,0,0,0,0,0,0,0,0,0,0
7,-14,0,0,0,0,0,0,0,0,0,0,0
115,20,0,0,0,0,0,0,0,0,0,0,0
432,151,0,0,0,0,0,0,0,0,0,0,0
213,118,0,0,0,0,0,0,0,0,0,0,0
101,112,0,0,0,0,0,0,0,0,0,0,0
2,2,0,0,0,0,0,0,0,0,0,0,0
-10,-10,0,0,0,0,0,0,0,0,0,0,0
